Date,GPR_ARS,GPR_AUD,GPR_BRL,GPR_CAD,GPR_CHF,GPR_CLP,GPR_CNY,GPR_COP,GPR_DKK,GPR_EGP,GPR_GBP,GPR_HKD,GPR_HUF,GPR_IDR,GPR_INR,GPR_ILS,GPR_JPY,GPR_KRW,GPR_MXN,GPR_MYR,GPR_NOK,GPR_PEN,GPR_PHP,GPR_PLN,GPR_RUB,GPR_SAR,GPR_SEK,GPR_THB,GPR_TND,GPR_TRY,GPR_TWD,GPR_UAH,GPR_VEF,GPR_ZAR,,
1/1/85,0.09,0.06,0.05,0.41,0.11,0.03,0.28,0.03,0.02,0.08,0.50,0.01,0.06,0.01,0.17,0.36,0.13,0.10,0.07,0.01,0.08,0.04,0.03,0.09,1.41,0.05,0.08,0.25,0.01,0.05,0.03,0.01,0.01,0.16,,
2/1/85,0.03,0.35,0.02,0.45,0.06,0.06,0.18,0.06,0.04,0.11,0.55,0.05,0.01,0.06,0.11,0.63,0.25,0.12,0.09,0.05,0.06,0.06,0.09,0.18,1.37,0.12,0.10,0.16,0.03,0.02,0.01,0.01,0.05,0.08,,
3/1/85,0.08,0.12,0.02,0.59,0.20,0.09,0.11,0.06,0.06,0.17,0.63,0.02,0.02,0.02,0.25,0.56,0.20,0.06,0.11,0.01,0.02,0.07,0.02,0.07,1.51,0.06,0.02,0.15,0.04,0.24,0.00,0.03,0.04,0.15,,
4/1/85,0.03,0.07,0.03,0.34,0.02,0.05,0.20,0.14,0.00,0.12,0.26,0.02,0.05,0.03,0.16,0.42,0.13,0.07,0.16,0.00,0.05,0.08,0.05,0.12,0.91,0.10,0.03,0.05,0.00,0.12,0.02,0.03,0.12,0.14,,
5/1/85,0.07,0.04,0.07,0.43,0.06,0.05,0.13,0.09,0.04,0.04,0.35,0.01,0.01,0.01,0.25,0.41,0.17,0.08,0.17,0.01,0.05,0.04,0.03,0.13,1.16,0.09,0.08,0.06,0.02,0.02,0.01,0.01,0.11,0.16,,
6/1/85,0.02,0.03,0.04,0.50,0.23,0.04,0.12,0.06,0.02,0.20,0.59,0.01,0.02,0.01,0.52,1.38,0.23,0.12,0.18,0.02,0.05,0.03,0.04,0.10,1.24,0.09,0.07,0.02,0.05,0.07,0.02,0.01,0.05,0.26,,
7/1/85,0.03,0.15,0.06,0.52,0.06,0.03,0.15,0.02,0.07,0.10,0.75,0.01,0.03,0.03,0.59,0.93,0.32,0.21,0.05,0.04,0.03,0.03,0.11,0.06,1.08,0.13,0.07,0.07,0.03,0.13,0.02,0.01,0.03,0.39,,
8/1/85,0.05,0.13,0.06,0.42,0.10,0.03,0.13,0.03,0.01,0.06,0.42,0.03,0.02,0.01,0.43,0.29,0.17,0.05,0.05,0.02,0.03,0.05,0.06,0.03,0.73,0.03,0.05,0.07,0.03,0.04,0.03,0.02,0.02,0.41,,
9/1/85,0.04,0.14,0.08,0.31,0.02,0.01,0.11,0.03,0.07,0.09,0.56,0.03,0.02,0.02,0.33,0.29,0.25,0.08,0.17,0.02,0.06,0.06,0.02,0.06,0.89,0.10,0.05,0.06,0.00,0.04,0.04,0.00,0.02,0.61,,
10/1/85,0.06,0.13,0.07,0.26,0.13,0.04,0.12,0.00,0.03,0.72,0.69,0.01,0.02,0.00,0.16,1.16,0.19,0.08,0.07,0.01,0.07,0.04,0.14,0.11,1.24,0.10,0.04,0.04,0.68,0.07,0.03,0.01,0.01,0.33,,
11/1/85,0.05,0.04,0.03,0.23,0.27,0.02,0.07,0.05,0.02,0.34,0.48,0.00,0.02,0.00,0.16,0.41,0.15,0.13,0.07,0.00,0.02,0.01,0.05,0.11,1.27,0.08,0.05,0.00,0.13,0.03,0.01,0.07,0.01,0.24,,
12/1/85,0.03,0.06,0.03,0.37,0.07,0.03,0.14,0.13,0.01,0.26,0.55,0.02,0.07,0.01,0.20,0.76,0.16,0.04,0.16,0.02,0.10,0.04,0.03,0.09,1.11,0.09,0.07,0.03,0.16,0.08,0.00,0.02,0.04,0.23,,
1/1/86,0.07,0.04,0.04,0.56,0.12,0.02,0.14,0.04,0.07,0.36,0.99,0.01,0.02,0.02,0.30,1.04,0.27,0.10,0.12,0.03,0.06,0.04,0.07,0.07,1.35,0.09,0.07,0.02,0.28,0.13,0.01,0.01,0.02,0.46,,
2/1/86,0.07,0.09,0.04,0.29,0.05,0.05,0.11,0.04,0.01,0.16,0.46,0.01,0.02,0.04,0.24,0.52,0.23,0.14,0.05,0.03,0.01,0.10,0.48,0.10,1.04,0.10,0.03,0.04,0.04,0.10,0.03,0.00,0.01,0.14,,
3/1/86,0.06,0.04,0.05,0.24,0.03,0.03,0.13,0.07,0.02,0.14,0.38,0.00,0.00,0.00,0.24,0.34,0.14,0.09,0.08,0.01,0.02,0.07,0.32,0.06,1.05,0.11,0.09,0.02,0.09,0.15,0.00,0.02,0.03,0.10,,
4/1/86,0.05,0.10,0.05,0.63,0.13,0.06,0.07,0.07,0.10,0.52,1.64,0.02,0.03,0.07,0.45,0.75,0.51,0.17,0.21,0.03,0.09,0.04,0.31,0.08,1.43,0.27,0.07,0.09,0.12,0.47,0.02,0.06,0.03,0.17,,
5/1/86,0.05,0.11,0.04,0.57,0.09,0.02,0.11,0.12,0.09,0.17,1.09,0.05,0.02,0.07,0.29,0.60,0.47,0.14,0.17,0.04,0.08,0.03,0.14,0.08,1.10,0.23,0.06,0.08,0.10,0.13,0.05,0.20,0.08,0.35,,
6/1/86,0.03,0.07,0.04,0.37,0.07,0.01,0.11,0.05,0.02,0.06,0.65,0.02,0.04,0.00,0.25,0.25,0.20,0.07,0.16,0.00,0.03,0.11,0.09,0.15,1.05,0.11,0.04,0.01,0.01,0.10,0.01,0.04,0.02,0.43,,
7/1/86,0.04,0.15,0.02,0.29,0.04,0.08,0.12,0.06,0.03,0.08,0.66,0.02,0.02,0.03,0.32,0.28,0.14,0.12,0.13,0.03,0.01,0.09,0.18,0.10,0.95,0.05,0.02,0.07,0.03,0.03,0.00,0.03,0.01,0.62,,
8/1/86,0.07,0.15,0.03,0.38,0.06,0.04,0.15,0.08,0.05,0.24,0.62,0.05,0.02,0.04,0.44,0.36,0.24,0.09,0.19,0.02,0.03,0.06,0.13,0.07,1.12,0.07,0.17,0.05,0.05,0.08,0.02,0.06,0.02,0.62,,
9/1/86,0.03,0.06,0.09,0.42,0.22,0.12,0.18,0.02,0.07,0.22,0.71,0.05,0.02,0.06,0.26,0.81,0.25,0.11,0.11,0.03,0.09,0.03,0.21,0.26,1.30,0.06,0.28,0.02,0.08,0.30,0.03,0.05,0.02,0.55,,
10/1/86,0.05,0.05,0.02,0.29,0.07,0.05,0.20,0.05,0.02,0.10,0.72,0.00,0.04,0.01,0.20,0.31,0.15,0.05,0.10,0.01,0.04,0.04,0.14,0.20,1.44,0.07,0.09,0.06,0.04,0.07,0.00,0.05,0.00,0.26,,
11/1/86,0.08,0.05,0.05,0.31,0.11,0.06,0.24,0.05,0.10,0.10,0.80,0.01,0.02,0.02,0.25,0.83,0.30,0.21,0.08,0.01,0.05,0.05,0.31,0.15,1.02,0.17,0.06,0.02,0.02,0.14,0.05,0.02,0.02,0.27,,
12/1/86,0.06,0.02,0.06,0.25,0.13,0.01,0.11,0.02,0.01,0.10,0.49,0.01,0.01,0.00,0.32,0.47,0.12,0.08,0.02,0.00,0.05,0.03,0.12,0.07,1.00,0.11,0.08,0.02,0.01,0.08,0.00,0.04,0.00,0.24,,
1/1/87,0.03,0.01,0.01,0.23,0.08,0.03,0.10,0.02,0.02,0.10,0.34,0.01,0.02,0.01,0.32,0.53,0.13,0.07,0.03,0.00,0.02,0.05,0.21,0.08,0.84,0.18,0.01,0.03,0.03,0.06,0.01,0.00,0.03,0.23,,
2/1/87,0.03,0.08,0.03,0.31,0.14,0.03,0.10,0.04,0.03,0.10,0.51,0.03,0.01,0.01,0.39,0.57,0.14,0.04,0.09,0.01,0.05,0.03,0.25,0.09,0.97,0.15,0.04,0.04,0.02,0.06,0.01,0.01,0.01,0.24,,
3/1/87,0.04,0.02,0.05,0.26,0.12,0.01,0.12,0.03,0.04,0.07,0.59,0.02,0.01,0.00,0.16,0.40,0.15,0.04,0.06,0.01,0.02,0.02,0.14,0.15,1.04,0.07,0.03,0.01,0.01,0.15,0.01,0.01,0.01,0.21,,
4/1/87,0.13,0.06,0.08,0.37,0.13,0.08,0.16,0.01,0.02,0.12,0.60,0.03,0.02,0.04,0.35,0.46,0.41,0.14,0.03,0.02,0.03,0.09,0.20,0.26,1.52,0.05,0.05,0.02,0.02,0.06,0.05,0.01,0.02,0.29,,
5/1/87,0.04,0.12,0.02,0.34,0.07,0.05,0.23,0.02,0.03,0.09,0.66,0.01,0.05,0.02,0.41,0.34,0.33,0.07,0.08,0.01,0.14,0.04,0.09,0.18,1.17,0.18,0.05,0.04,0.01,0.03,0.02,0.00,0.04,0.11,,
6/1/87,0.02,0.06,0.05,0.37,0.05,0.04,0.33,0.01,0.02,0.09,0.50,0.00,0.02,0.02,0.34,0.22,0.35,0.21,0.05,0.00,0.09,0.04,0.09,0.21,1.23,0.12,0.05,0.01,0.01,0.07,0.02,0.01,0.02,0.15,,
7/1/87,0.04,0.03,0.02,0.23,0.09,0.02,0.25,0.01,0.01,0.05,0.57,0.02,0.01,0.03,0.37,0.34,0.27,0.18,0.04,0.00,0.12,0.01,0.15,0.07,1.14,0.20,0.06,0.01,0.01,0.08,0.00,0.01,0.01,0.17,,
8/1/87,0.04,0.05,0.07,0.23,0.04,0.02,0.21,0.03,0.02,0.08,0.66,0.00,0.02,0.03,0.39,0.36,0.26,0.16,0.11,0.01,0.06,0.05,0.28,0.05,1.23,0.42,0.12,0.01,0.04,0.09,0.03,0.01,0.04,0.20,,
9/1/87,0.06,0.05,0.04,0.25,0.03,0.02,0.37,0.01,0.02,0.08,0.87,0.01,0.02,0.02,0.30,0.28,0.36,0.12,0.06,0.01,0.10,0.05,0.29,0.13,1.58,0.29,0.07,0.02,0.05,0.08,0.02,0.01,0.04,0.21,,
10/1/87,0.04,0.15,0.04,0.30,0.05,0.06,0.31,0.01,0.02,0.09,0.56,0.02,0.01,0.01,0.54,0.21,0.25,0.14,0.04,0.02,0.07,0.02,0.17,0.09,1.08,0.29,0.04,0.04,0.01,0.05,0.02,0.01,0.01,0.26,,
11/1/87,0.03,0.04,0.06,0.12,0.07,0.02,0.13,0.03,0.02,0.13,0.39,0.02,0.02,0.03,0.31,0.29,0.27,0.18,0.14,0.01,0.03,0.06,0.17,0.11,1.17,0.17,0.01,0.05,0.03,0.03,0.01,0.02,0.01,0.21,,
12/1/87,0.03,0.04,0.05,0.25,0.06,0.04,0.20,0.00,0.06,0.11,0.55,0.02,0.02,0.06,0.16,0.37,0.23,0.15,0.10,0.03,0.10,0.01,0.15,0.22,1.64,0.15,0.05,0.05,0.01,0.06,0.03,0.01,0.02,0.13,,
1/1/88,0.05,0.03,0.03,0.23,0.02,0.01,0.15,0.04,0.02,0.15,0.40,0.00,0.00,0.01,0.13,0.42,0.18,0.14,0.05,0.00,0.03,0.02,0.12,0.17,0.90,0.12,0.05,0.02,0.02,0.09,0.00,0.00,0.02,0.11,,
2/1/88,0.03,0.02,0.02,0.23,0.06,0.02,0.11,0.12,0.02,0.09,0.36,0.01,0.02,0.00,0.12,0.44,0.09,0.08,0.06,0.01,0.05,0.03,0.07,0.18,0.97,0.08,0.04,0.02,0.02,0.07,0.01,0.00,0.01,0.19,,
3/1/88,0.02,0.03,0.04,0.21,0.09,0.02,0.29,0.04,0.01,0.22,0.54,0.02,0.02,0.00,0.15,0.62,0.22,0.07,0.12,0.02,0.07,0.04,0.11,0.14,1.09,0.15,0.06,0.02,0.03,0.05,0.06,0.02,0.05,0.09,,
4/1/88,0.03,0.02,0.03,0.19,0.05,0.02,0.31,0.04,0.10,0.17,0.53,0.02,0.01,0.01,0.20,0.74,0.26,0.05,0.06,0.02,0.08,0.06,0.12,0.05,1.10,0.29,0.03,0.30,0.16,0.09,0.03,0.01,0.02,0.15,,
5/1/88,0.03,0.05,0.04,0.28,0.08,0.01,0.24,0.06,0.08,0.06,0.47,0.03,0.05,0.01,0.40,0.45,0.21,0.12,0.08,0.01,0.08,0.09,0.10,0.14,1.18,0.08,0.02,0.03,0.05,0.04,0.02,0.02,0.03,0.21,,
6/1/88,0.04,0.02,0.02,0.24,0.11,0.01,0.14,0.05,0.01,0.11,0.29,0.02,0.02,0.02,0.16,0.45,0.15,0.11,0.06,0.02,0.03,0.02,0.11,0.14,0.79,0.07,0.04,0.01,0.02,0.08,0.03,0.01,0.04,0.19,,
7/1/88,0.04,0.07,0.08,0.28,0.10,0.01,0.23,0.02,0.02,0.13,0.44,0.01,0.04,0.13,0.14,0.37,0.20,0.12,0.07,0.04,0.09,0.02,0.05,0.07,0.89,0.12,0.06,0.07,0.01,0.07,0.02,0.02,0.00,0.17,,
8/1/88,0.02,0.07,0.05,0.24,0.06,0.01,0.14,0.02,0.01,0.09,0.38,0.02,0.02,0.01,0.23,0.44,0.15,0.06,0.05,0.01,0.03,0.05,0.03,0.04,0.79,0.10,0.03,0.02,0.01,0.08,0.02,0.00,0.01,0.36,,
9/1/88,0.03,0.03,0.07,0.18,0.08,0.04,0.15,0.00,0.01,0.11,0.32,0.02,0.03,0.03,0.16,0.42,0.18,0.12,0.08,0.01,0.01,0.02,0.04,0.08,0.73,0.09,0.03,0.09,0.02,0.23,0.01,0.01,0.02,0.30,,
10/1/88,0.04,0.02,0.02,0.18,0.05,0.08,0.12,0.04,0.01,0.07,0.25,0.01,0.02,0.02,0.16,0.33,0.16,0.06,0.05,0.01,0.03,0.05,0.08,0.07,0.62,0.04,0.04,0.04,0.03,0.05,0.01,0.01,0.01,0.15,,
11/1/88,0.02,0.01,0.05,0.18,0.04,0.02,0.12,0.03,0.02,0.11,0.35,0.01,0.02,0.02,0.17,0.42,0.09,0.08,0.08,0.02,0.04,0.04,0.04,0.09,0.78,0.06,0.02,0.05,0.03,0.04,0.02,0.00,0.01,0.14,,
12/1/88,0.09,0.04,0.07,0.24,0.08,0.03,0.14,0.03,0.02,0.16,0.49,0.00,0.05,0.01,0.21,0.74,0.16,0.08,0.09,0.00,0.01,0.03,0.03,0.10,0.82,0.07,0.07,0.04,0.10,0.07,0.01,0.01,0.02,0.10,,
1/1/89,0.07,0.02,0.06,0.20,0.03,0.01,0.15,0.03,0.02,0.13,0.36,0.03,0.04,0.03,0.21,0.59,0.14,0.09,0.06,0.00,0.02,0.05,0.06,0.13,1.03,0.06,0.02,0.06,0.05,0.04,0.02,0.00,0.02,0.13,,
2/1/89,0.07,0.00,0.05,0.25,0.02,0.04,0.16,0.02,0.05,0.13,0.32,0.01,0.05,0.04,0.18,0.46,0.14,0.05,0.12,0.02,0.06,0.03,0.07,0.08,0.97,0.03,0.02,0.02,0.08,0.07,0.02,0.00,0.03,0.16,,
3/1/89,0.03,0.01,0.05,0.14,0.04,0.06,0.11,0.04,0.01,0.14,0.29,0.02,0.03,0.01,0.07,0.43,0.10,0.06,0.08,0.01,0.02,0.03,0.00,0.11,0.67,0.10,0.02,0.02,0.08,0.03,0.01,0.02,0.04,0.07,,
4/1/89,0.04,0.01,0.06,0.13,0.04,0.03,0.14,0.03,0.02,0.08,0.45,0.01,0.03,0.03,0.11,0.37,0.11,0.07,0.03,0.01,0.07,0.03,0.04,0.13,0.82,0.06,0.03,0.05,0.05,0.03,0.02,0.01,0.00,0.23,,
5/1/89,0.08,0.02,0.07,0.20,0.03,0.01,0.41,0.04,0.07,0.09,0.57,0.04,0.07,0.02,0.16,0.41,0.25,0.10,0.09,0.01,0.08,0.07,0.05,0.34,1.26,0.04,0.03,0.04,0.08,0.03,0.03,0.00,0.08,0.11,,
6/1/89,0.02,0.05,0.03,0.17,0.03,0.02,0.87,0.03,0.01,0.07,0.36,0.16,0.06,0.01,0.16,0.28,0.22,0.08,0.09,0.02,0.03,0.05,0.06,0.20,0.84,0.04,0.03,0.04,0.02,0.03,0.03,0.00,0.01,0.10,,
7/1/89,0.02,0.05,0.04,0.21,0.03,0.02,0.37,0.03,0.01,0.07,0.31,0.07,0.17,0.03,0.15,0.36,0.15,0.08,0.08,0.02,0.01,0.08,0.06,0.23,0.83,0.06,0.06,0.07,0.05,0.04,0.02,0.03,0.00,0.09,,
8/1/89,0.04,0.05,0.03,0.16,0.05,0.02,0.21,0.19,0.00,0.14,0.30,0.03,0.02,0.03,0.13,1.03,0.16,0.06,0.09,0.00,0.01,0.06,0.03,0.11,0.67,0.15,0.03,0.03,0.04,0.06,0.01,0.01,0.02,0.12,,
9/1/89,0.02,0.02,0.03,0.16,0.02,0.03,0.15,0.34,0.01,0.06,0.27,0.03,0.08,0.02,0.07,0.30,0.11,0.05,0.10,0.03,0.03,0.10,0.04,0.18,0.69,0.14,0.02,0.07,0.02,0.03,0.01,0.05,0.02,0.05,,
10/1/89,0.02,0.03,0.05,0.13,0.03,0.02,0.19,0.14,0.01,0.08,0.24,0.03,0.07,0.01,0.11,0.18,0.12,0.09,0.08,0.05,0.02,0.06,0.03,0.15,0.58,0.10,0.04,0.04,0.02,0.03,0.02,0.03,0.02,0.09,,
11/1/89,0.01,0.03,0.04,0.14,0.02,0.02,0.19,0.13,0.01,0.08,0.23,0.02,0.16,0.01,0.14,0.19,0.12,0.05,0.15,0.03,0.01,0.10,0.03,0.28,0.75,0.13,0.02,0.02,0.02,0.05,0.00,0.00,0.05,0.13,,
12/1/89,0.02,0.10,0.07,0.24,0.07,0.03,0.35,0.22,0.02,0.08,0.35,0.07,0.24,0.01,0.12,0.32,0.25,0.07,0.10,0.03,0.02,0.07,0.45,0.33,1.00,0.05,0.05,0.05,0.01,0.05,0.05,0.02,0.03,0.10,,
1/1/90,0.02,0.06,0.01,0.13,0.02,0.00,0.23,0.16,0.00,0.06,0.31,0.02,0.11,0.02,0.12,0.14,0.15,0.09,0.10,0.00,0.02,0.18,0.10,0.20,0.91,0.02,0.03,0.07,0.01,0.09,0.02,0.02,0.02,0.07,,
2/1/90,0.01,0.04,0.02,0.13,0.04,0.01,0.17,0.10,0.01,0.08,0.34,0.01,0.12,0.03,0.13,0.24,0.21,0.09,0.03,0.00,0.02,0.08,0.07,0.29,0.86,0.07,0.04,0.04,0.02,0.10,0.01,0.01,0.00,0.18,,
3/1/90,0.02,0.02,0.05,0.11,0.01,0.06,0.11,0.05,0.00,0.08,0.29,0.01,0.10,0.01,0.08,0.27,0.12,0.04,0.07,0.00,0.01,0.06,0.06,0.20,0.81,0.04,0.03,0.02,0.02,0.03,0.01,0.05,0.03,0.13,,
4/1/90,0.03,0.02,0.04,0.20,0.07,0.01,0.15,0.07,0.02,0.10,0.49,0.01,0.08,0.00,0.18,0.51,0.09,0.07,0.05,0.00,0.05,0.03,0.06,0.20,1.03,0.07,0.05,0.03,0.02,0.05,0.01,0.05,0.01,0.10,,
5/1/90,0.01,0.02,0.03,0.27,0.02,0.01,0.17,0.06,0.02,0.11,0.45,0.02,0.12,0.02,0.20,0.41,0.13,0.07,0.08,0.01,0.02,0.03,0.07,0.37,1.14,0.06,0.04,0.03,0.03,0.05,0.03,0.04,0.01,0.09,,
6/1/90,0.01,0.05,0.03,0.13,0.02,0.01,0.18,0.08,0.08,0.15,0.34,0.02,0.09,0.01,0.17,0.56,0.21,0.09,0.10,0.00,0.02,0.05,0.07,0.25,0.93,0.02,0.04,0.02,0.11,0.06,0.02,0.02,0.02,0.17,,
7/1/90,0.03,0.03,0.04,0.37,0.04,0.03,0.19,0.08,0.00,0.11,0.64,0.03,0.08,0.06,0.18,0.30,0.25,0.04,0.06,0.05,0.01,0.03,0.08,0.30,0.84,0.10,0.04,0.05,0.02,0.05,0.03,0.05,0.03,0.14,,
8/1/90,0.10,0.24,0.14,0.86,0.21,0.02,0.58,0.09,0.08,1.26,2.11,0.08,0.06,0.14,0.70,1.12,1.07,0.31,0.12,0.08,0.10,0.05,0.24,0.14,1.98,3.57,0.13,0.07,0.10,1.09,0.04,0.03,0.31,0.22,,
9/1/90,0.06,0.15,0.11,0.61,0.11,0.02,0.33,0.05,0.04,1.04,1.50,0.05,0.05,0.05,0.55,0.98,0.91,0.34,0.07,0.02,0.09,0.05,0.20,0.19,1.78,2.43,0.09,0.05,0.07,0.71,0.05,0.00,0.08,0.17,,
10/1/90,0.03,0.15,0.07,0.34,0.09,0.03,0.27,0.05,0.02,0.48,1.00,0.07,0.05,0.03,0.22,0.91,0.44,0.22,0.05,0.03,0.05,0.04,0.13,0.11,1.28,1.22,0.03,0.04,0.06,0.17,0.02,0.02,0.04,0.13,,
11/1/90,0.04,0.10,0.05,0.42,0.19,0.02,0.50,0.13,0.06,0.59,1.19,0.08,0.07,0.02,0.20,0.69,0.60,0.17,0.10,0.06,0.04,0.03,0.06,0.16,1.33,1.59,0.06,0.04,0.04,0.25,0.02,0.05,0.02,0.12,,
12/1/90,0.13,0.12,0.12,0.34,0.13,0.09,0.20,0.10,0.05,0.35,0.78,0.07,0.06,0.03,0.19,0.88,0.57,0.14,0.11,0.03,0.06,0.05,0.03,0.12,1.13,1.27,0.06,0.03,0.05,0.26,0.03,0.05,0.09,0.09,,
1/1/91,0.05,0.24,0.11,1.02,0.36,0.04,0.25,0.12,0.06,0.96,2.54,0.22,0.11,0.05,0.43,3.28,1.16,0.31,0.16,0.06,0.13,0.05,0.21,0.17,2.37,3.56,0.12,0.10,0.18,0.87,0.04,0.10,0.04,0.18,,
2/1/91,0.05,0.14,0.10,0.64,0.16,0.04,0.30,0.13,0.07,0.75,2.67,0.06,0.05,0.09,0.28,2.26,0.79,0.38,0.12,0.04,0.04,0.10,0.10,0.13,2.83,3.31,0.11,0.09,0.12,0.56,0.05,0.05,0.04,0.14,,
3/1/91,0.02,0.07,0.10,0.28,0.10,0.03,0.24,0.06,0.01,0.47,0.94,0.02,0.05,0.02,0.22,0.90,0.38,0.13,0.09,0.00,0.02,0.03,0.05,0.11,0.99,1.15,0.02,0.05,0.06,0.42,0.04,0.04,0.02,0.05,,
4/1/91,0.00,0.02,0.04,0.14,0.06,0.02,0.25,0.03,0.02,0.18,0.76,0.02,0.03,0.01,0.16,0.41,0.20,0.10,0.08,0.01,0.02,0.05,0.04,0.07,0.70,0.39,0.06,0.03,0.02,0.65,0.01,0.02,0.00,0.16,,
5/1/91,0.02,0.03,0.04,0.19,0.04,0.01,0.28,0.03,0.01,0.16,0.66,0.04,0.03,0.02,0.15,0.41,0.19,0.09,0.07,0.01,0.02,0.03,0.03,0.09,0.87,0.22,0.05,0.04,0.01,0.25,0.03,0.01,0.01,0.16,,
6/1/91,0.02,0.04,0.05,0.19,0.05,0.02,0.28,0.05,0.04,0.08,0.64,0.04,0.08,0.03,0.16,0.32,0.21,0.09,0.05,0.00,0.05,0.02,0.11,0.10,0.82,0.16,0.03,0.07,0.01,0.12,0.02,0.01,0.01,0.14,,
7/1/91,0.02,0.05,0.05,0.24,0.05,0.01,0.28,0.03,0.02,0.19,0.95,0.04,0.12,0.02,0.11,0.57,0.34,0.09,0.07,0.04,0.00,0.05,0.07,0.06,1.02,0.21,0.06,0.02,0.06,0.28,0.02,0.07,0.01,0.23,,
8/1/91,0.03,0.09,0.02,0.19,0.11,0.01,0.21,0.02,0.04,0.09,0.86,0.04,0.10,0.00,0.10,0.47,0.22,0.11,0.05,0.02,0.02,0.03,0.04,0.18,1.75,0.12,0.07,0.04,0.03,0.19,0.01,0.35,0.00,0.14,,
9/1/91,0.02,0.08,0.05,0.24,0.03,0.04,0.21,0.03,0.02,0.07,0.80,0.06,0.11,0.01,0.09,0.46,0.29,0.16,0.11,0.02,0.00,0.04,0.18,0.13,1.61,0.27,0.07,0.03,0.02,0.21,0.02,0.25,0.02,0.10,,
10/1/91,0.04,0.03,0.05,0.25,0.07,0.01,0.24,0.01,0.01,0.16,0.45,0.05,0.08,0.01,0.07,0.47,0.21,0.18,0.08,0.01,0.01,0.01,0.03,0.07,1.05,0.11,0.02,0.07,0.01,0.18,0.01,0.15,0.09,0.14,,
11/1/91,0.03,0.05,0.02,0.22,0.04,0.02,0.38,0.16,0.02,0.07,0.58,0.05,0.09,0.07,0.12,0.36,0.30,0.34,0.10,0.01,0.01,0.05,0.03,0.10,0.93,0.07,0.02,0.05,0.01,0.11,0.02,0.16,0.05,0.06,,
12/1/91,0.03,0.03,0.04,0.13,0.08,0.02,0.25,0.04,0.04,0.06,0.48,0.03,0.13,0.02,0.13,0.26,0.31,0.25,0.03,0.02,0.01,0.05,0.06,0.17,1.58,0.08,0.04,0.05,0.02,0.15,0.04,0.87,0.02,0.08,,
1/1/92,0.06,0.06,0.03,0.16,0.03,0.03,0.37,0.06,0.02,0.09,0.60,0.03,0.07,0.03,0.20,0.28,0.37,0.26,0.16,0.03,0.02,0.03,0.04,0.08,1.30,0.10,0.02,0.05,0.05,0.10,0.02,0.33,0.06,0.08,,
2/1/92,0.06,0.02,0.06,0.12,0.07,0.01,0.28,0.05,0.01,0.10,0.45,0.01,0.03,0.02,0.17,0.39,0.17,0.15,0.07,0.02,0.02,0.06,0.06,0.05,0.86,0.12,0.05,0.02,0.04,0.12,0.01,0.17,0.13,0.08,,
3/1/92,0.07,0.02,0.04,0.10,0.04,0.00,0.32,0.02,0.02,0.11,0.56,0.00,0.01,0.03,0.17,0.32,0.20,0.23,0.05,0.02,0.01,0.01,0.03,0.06,0.84,0.12,0.03,0.08,0.01,0.27,0.02,0.24,0.09,0.11,,
4/1/92,0.05,0.03,0.06,0.16,0.03,0.01,0.15,0.02,0.01,0.12,0.51,0.02,0.05,0.01,0.12,0.21,0.22,0.08,0.05,0.01,0.02,0.14,0.04,0.07,0.65,0.12,0.06,0.04,0.05,0.17,0.02,0.18,0.07,0.05,,
5/1/92,0.04,0.02,0.04,0.15,0.04,0.01,0.20,0.04,0.02,0.03,0.45,0.03,0.06,0.02,0.16,0.23,0.15,0.12,0.03,0.01,0.03,0.10,0.08,0.04,0.76,0.05,0.03,0.12,0.01,0.10,0.01,0.22,0.02,0.06,,
6/1/92,0.03,0.04,0.17,0.32,0.12,0.01,0.18,0.02,0.40,0.08,0.59,0.02,0.05,0.01,0.12,0.25,0.30,0.14,0.07,0.03,0.12,0.04,0.05,0.10,0.79,0.07,0.09,0.06,0.01,0.15,0.01,0.15,0.02,0.11,,
7/1/92,0.02,0.01,0.02,0.25,0.05,0.01,0.09,0.02,0.04,0.12,0.61,0.02,0.05,0.01,0.09,0.20,0.16,0.06,0.03,0.02,0.05,0.06,0.03,0.06,0.43,0.12,0.06,0.02,0.02,0.12,0.02,0.08,0.01,0.09,,
8/1/92,0.01,0.02,0.04,0.15,0.05,0.01,0.17,0.03,0.07,0.09,0.89,0.01,0.05,0.01,0.10,0.15,0.12,0.09,0.07,0.01,0.02,0.03,0.03,0.03,0.55,0.17,0.06,0.03,0.01,0.18,0.02,0.05,0.01,0.05,,
9/1/92,0.02,0.03,0.03,0.15,0.04,0.00,0.25,0.02,0.19,0.05,0.68,0.02,0.05,0.02,0.12,0.12,0.20,0.12,0.05,0.02,0.03,0.06,0.01,0.06,0.55,0.07,0.09,0.02,0.00,0.09,0.07,0.05,0.01,0.10,,
10/1/92,0.02,0.04,0.04,0.10,0.03,0.01,0.17,0.01,0.07,0.07,0.46,0.03,0.02,0.01,0.06,0.20,0.12,0.07,0.05,0.01,0.01,0.06,0.02,0.05,0.48,0.05,0.03,0.03,0.00,0.15,0.02,0.05,0.02,0.11,,
11/1/92,0.04,0.06,0.04,0.16,0.04,0.03,0.26,0.10,0.07,0.09,0.69,0.04,0.11,0.04,0.12,0.28,0.23,0.12,0.06,0.02,0.02,0.09,0.03,0.07,0.57,0.08,0.03,0.06,0.00,0.15,0.03,0.12,0.03,0.14,,
12/1/92,0.01,0.02,0.02,0.18,0.08,0.00,0.20,0.02,0.10,0.11,0.58,0.03,0.05,0.04,0.15,0.23,0.10,0.09,0.04,0.01,0.04,0.01,0.04,0.04,0.54,0.09,0.11,0.05,0.04,0.12,0.04,0.06,0.02,0.13,,
1/1/93,0.05,0.08,0.03,0.20,0.10,0.01,0.22,0.02,0.06,0.18,1.31,0.01,0.03,0.03,0.22,0.50,0.20,0.09,0.06,0.00,0.01,0.11,0.01,0.03,0.85,0.22,0.06,0.04,0.04,0.28,0.04,0.18,0.02,0.09,,
2/1/93,0.04,0.05,0.03,0.18,0.05,0.00,0.16,0.06,0.05,0.11,0.78,0.02,0.03,0.01,0.12,0.30,0.18,0.17,0.03,0.03,0.03,0.05,0.02,0.05,0.68,0.08,0.02,0.08,0.03,0.16,0.03,0.12,0.01,0.11,,
3/1/93,0.03,0.03,0.01,0.19,0.04,0.02,0.19,0.07,0.03,0.17,0.67,0.03,0.05,0.01,0.13,0.34,0.23,0.35,0.03,0.01,0.01,0.02,0.01,0.05,0.80,0.04,0.05,0.03,0.02,0.08,0.04,0.11,0.01,0.14,,
4/1/93,0.02,0.02,0.02,0.51,0.02,0.01,0.22,0.03,0.13,0.12,1.24,0.04,0.08,0.02,0.14,0.21,0.29,0.20,0.03,0.01,0.04,0.02,0.02,0.07,1.18,0.04,0.08,0.02,0.01,0.19,0.02,0.11,0.07,0.09,,
5/1/93,0.03,0.05,0.03,0.33,0.03,0.02,0.27,0.04,0.20,0.09,1.17,0.03,0.04,0.03,0.16,0.16,0.24,0.20,0.07,0.02,0.07,0.04,0.02,0.06,1.11,0.05,0.03,0.08,0.01,0.24,0.02,0.11,0.02,0.09,,
6/1/93,0.01,0.03,0.05,0.22,0.04,0.01,0.23,0.01,0.19,0.14,0.78,0.01,0.04,0.03,0.16,0.18,0.28,0.20,0.07,0.02,0.04,0.02,0.01,0.04,0.85,0.07,0.07,0.02,0.01,0.22,0.02,0.22,0.07,0.10,,
7/1/93,0.02,0.05,0.02,0.26,0.08,0.01,0.29,0.01,0.05,0.11,0.86,0.03,0.02,0.04,0.21,0.46,0.48,0.40,0.11,0.04,0.05,0.01,0.04,0.02,0.89,0.06,0.08,0.03,0.01,0.11,0.04,0.16,0.02,0.10,,
8/1/93,0.02,0.04,0.03,0.18,0.06,0.00,0.29,0.02,0.03,0.14,0.69,0.04,0.03,0.01,0.11,0.34,0.16,0.12,0.07,0.02,0.04,0.02,0.01,0.01,0.43,0.06,0.05,0.02,0.07,0.12,0.06,0.06,0.04,0.06,,
9/1/93,0.01,0.05,0.03,0.09,0.02,0.02,0.25,0.04,0.00,0.13,0.49,0.03,0.01,0.02,0.09,0.35,0.20,0.15,0.09,0.02,0.08,0.02,0.03,0.07,0.82,0.10,0.03,0.01,0.07,0.10,0.02,0.13,0.01,0.14,,
10/1/93,0.06,0.03,0.04,0.34,0.03,0.01,0.28,0.05,0.05,0.11,0.63,0.04,0.03,0.01,0.16,0.21,0.23,0.17,0.08,0.03,0.03,0.03,0.01,0.06,0.77,0.04,0.05,0.03,0.02,0.12,0.03,0.14,0.02,0.15,,
11/1/93,0.03,0.03,0.02,0.15,0.04,0.01,0.29,0.02,0.06,0.09,0.65,0.03,0.04,0.03,0.09,0.24,0.27,0.37,0.12,0.01,0.06,0.03,0.02,0.04,0.51,0.04,0.05,0.03,0.03,0.09,0.04,0.12,0.01,0.12,,
12/1/93,0.01,0.01,0.01,0.20,0.02,0.00,0.23,0.02,0.02,0.13,0.54,0.02,0.09,0.02,0.06,0.30,0.23,0.44,0.06,0.01,0.06,0.01,0.02,0.11,0.58,0.04,0.03,0.01,0.04,0.06,0.01,0.17,0.11,0.07,,
1/1/94,0.01,0.04,0.01,0.40,0.05,0.02,0.18,0.04,0.01,0.05,0.53,0.03,0.08,0.02,0.26,0.17,0.16,0.27,0.35,0.02,0.05,0.00,0.02,0.14,0.67,0.05,0.03,0.05,0.01,0.08,0.02,0.32,0.06,0.12,,
2/1/94,0.03,0.03,0.03,0.35,0.02,0.01,0.16,0.04,0.03,0.09,1.01,0.03,0.07,0.02,0.21,0.18,0.30,0.33,0.23,0.03,0.03,0.01,0.01,0.05,1.08,0.02,0.04,0.03,0.01,0.12,0.03,0.18,0.04,0.16,,
3/1/94,0.03,0.04,0.04,0.21,0.05,0.01,0.40,0.02,0.04,0.08,0.61,0.05,0.03,0.01,0.19,0.36,0.34,0.48,0.17,0.04,0.05,0.01,0.01,0.02,0.62,0.03,0.05,0.02,0.04,0.06,0.01,0.12,0.01,0.15,,
4/1/94,0.02,0.03,0.02,0.22,0.03,0.01,0.28,0.01,0.02,0.10,0.84,0.01,0.01,0.03,0.14,0.24,0.29,0.43,0.07,0.03,0.07,0.02,0.02,0.08,0.88,0.06,0.03,0.04,0.02,0.13,0.05,0.15,0.01,0.19,,
5/1/94,0.05,0.05,0.05,0.27,0.03,0.01,0.35,0.03,0.05,0.14,0.68,0.05,0.03,0.02,0.09,0.24,0.23,0.41,0.07,0.04,0.04,0.02,0.01,0.05,0.56,0.08,0.02,0.03,0.02,0.12,0.04,0.07,0.03,0.20,,
6/1/94,0.07,0.03,0.09,0.29,0.04,0.02,0.56,0.05,0.03,0.11,0.72,0.04,0.03,0.04,0.19,0.21,0.63,1.19,0.19,0.03,0.02,0.02,0.02,0.06,0.70,0.06,0.02,0.02,0.04,0.16,0.03,0.11,0.04,0.12,,
7/1/94,0.19,0.02,0.06,0.30,0.05,0.03,0.18,0.03,0.01,0.08,0.88,0.00,0.01,0.03,0.07,0.36,0.26,0.34,0.06,0.04,0.01,0.00,0.02,0.03,0.73,0.06,0.03,0.05,0.02,0.16,0.02,0.07,0.05,0.09,,
8/1/94,0.17,0.06,0.07,0.18,0.06,0.05,0.19,0.05,0.00,0.08,0.94,0.02,0.03,0.01,0.15,0.25,0.21,0.31,0.16,0.02,0.01,0.02,0.01,0.02,0.84,0.04,0.01,0.03,0.02,0.10,0.02,0.09,0.07,0.07,,
9/1/94,0.10,0.03,0.04,0.19,0.04,0.03,0.23,0.02,0.04,0.06,0.81,0.03,0.01,0.02,0.15,0.17,0.15,0.24,0.13,0.03,0.04,0.02,0.03,0.07,0.69,0.02,0.07,0.03,0.01,0.05,0.02,0.06,0.03,0.06,,
10/1/94,0.04,0.06,0.05,0.13,0.05,0.01,0.31,0.02,0.02,0.18,0.84,0.02,0.01,0.02,0.15,0.45,0.19,0.34,0.08,0.02,0.03,0.00,0.03,0.02,0.74,0.32,0.03,0.02,0.04,0.15,0.03,0.02,0.02,0.08,,
11/1/94,0.04,0.07,0.03,0.21,0.00,0.01,0.20,0.01,0.01,0.06,0.97,0.02,0.07,0.15,0.12,0.28,0.18,0.20,0.06,0.03,0.05,0.01,0.05,0.06,0.70,0.03,0.02,0.05,0.02,0.08,0.03,0.12,0.02,0.08,,
12/1/94,0.03,0.01,0.04,0.19,0.00,0.02,0.16,0.03,0.03,0.08,0.80,0.01,0.19,0.01,0.17,0.24,0.18,0.33,0.21,0.03,0.03,0.01,0.03,0.09,1.14,0.04,0.02,0.01,0.02,0.14,0.02,0.14,0.01,0.06,,
1/1/95,0.05,0.04,0.04,0.14,0.09,0.02,0.19,0.01,0.03,0.12,0.65,0.03,0.06,0.06,0.12,0.36,0.16,0.17,0.13,0.02,0.04,0.04,0.06,0.05,0.85,0.03,0.04,0.02,0.02,0.08,0.03,0.03,0.00,0.03,,
2/1/95,0.10,0.03,0.10,0.13,0.04,0.09,0.19,0.03,0.01,0.15,0.50,0.03,0.06,0.01,0.18,0.29,0.17,0.16,0.29,0.02,0.04,0.12,0.04,0.06,0.62,0.04,0.02,0.07,0.04,0.06,0.02,0.04,0.02,0.04,,
3/1/95,0.05,0.03,0.01,0.18,0.03,0.02,0.13,0.03,0.05,0.10,0.62,0.02,0.03,0.01,0.07,0.24,0.32,0.14,0.12,0.01,0.03,0.01,0.03,0.04,0.66,0.07,0.03,0.02,0.03,0.19,0.01,0.04,0.02,0.05,,
4/1/95,0.06,0.04,0.02,0.19,0.06,0.01,0.21,0.00,0.02,0.12,0.66,0.02,0.02,0.06,0.20,0.34,0.29,0.24,0.12,0.03,0.03,0.02,0.11,0.04,0.68,0.10,0.03,0.03,0.02,0.17,0.03,0.06,0.03,0.09,,
5/1/95,0.06,0.05,0.02,0.24,0.04,0.02,0.28,0.01,0.02,0.10,0.77,0.03,0.05,0.05,0.15,0.28,0.40,0.17,0.09,0.05,0.03,0.01,0.07,0.09,0.90,0.04,0.03,0.03,0.01,0.11,0.02,0.08,0.01,0.10,,
6/1/95,0.02,0.07,0.03,0.41,0.04,0.02,0.20,0.03,0.04,0.09,0.99,0.01,0.04,0.01,0.10,0.22,0.32,0.16,0.08,0.07,0.04,0.02,0.03,0.04,0.91,0.03,0.11,0.02,0.00,0.13,0.08,0.07,0.00,0.04,,
7/1/95,0.03,0.08,0.02,0.20,0.02,0.01,0.23,0.02,0.04,0.07,1.18,0.03,0.03,0.02,0.23,0.25,0.16,0.11,0.06,0.06,0.10,0.04,0.02,0.06,0.65,0.05,0.02,0.03,0.01,0.16,0.10,0.18,0.01,0.06,,
8/1/95,0.01,0.12,0.01,0.15,0.05,0.02,0.22,0.05,0.11,0.07,0.84,0.05,0.04,0.02,0.25,0.25,0.19,0.07,0.05,0.02,0.11,0.01,0.02,0.02,0.76,0.11,0.07,0.03,0.00,0.09,0.06,0.08,0.01,0.05,,
9/1/95,0.01,0.09,0.02,0.12,0.05,0.02,0.18,0.03,0.06,0.08,0.56,0.01,0.04,0.01,0.14,0.12,0.14,0.05,0.09,0.01,0.04,0.01,0.02,0.07,0.53,0.04,0.06,0.01,0.00,0.05,0.03,0.02,0.00,0.03,,
10/1/95,0.01,0.05,0.01,0.08,0.00,0.01,0.14,0.03,0.01,0.06,0.48,0.02,0.03,0.02,0.11,0.18,0.13,0.09,0.11,0.00,0.05,0.00,0.01,0.05,0.43,0.03,0.05,0.00,0.00,0.04,0.03,0.02,0.00,0.04,,
11/1/95,0.03,0.06,0.01,0.14,0.02,0.01,0.13,0.04,0.03,0.13,0.69,0.01,0.03,0.04,0.12,0.28,0.14,0.05,0.05,0.04,0.06,0.02,0.03,0.04,0.35,0.09,0.07,0.00,0.01,0.04,0.03,0.01,0.00,0.15,,
12/1/95,0.00,0.02,0.01,0.13,0.02,0.00,0.17,0.03,0.02,0.07,0.49,0.03,0.08,0.04,0.12,0.13,0.12,0.12,0.06,0.04,0.02,0.02,0.03,0.03,0.41,0.06,0.05,0.03,0.01,0.07,0.04,0.00,0.01,0.08,,
1/1/96,0.02,0.04,0.02,0.13,0.04,0.01,0.21,0.06,0.00,0.08,0.51,0.03,0.03,0.06,0.19,0.18,0.11,0.07,0.05,0.01,0.04,0.01,0.05,0.05,0.77,0.10,0.03,0.01,0.01,0.22,0.05,0.04,0.02,0.04,,
2/1/96,0.02,0.04,0.01,0.15,0.04,0.01,0.40,0.05,0.03,0.06,0.70,0.03,0.04,0.03,0.14,0.23,0.13,0.12,0.10,0.02,0.04,0.02,0.03,0.06,0.47,0.06,0.06,0.03,0.00,0.10,0.18,0.03,0.00,0.04,,
3/1/96,0.01,0.04,0.00,0.14,0.02,0.01,0.39,0.05,0.02,0.24,0.51,0.08,0.03,0.01,0.08,0.79,0.21,0.11,0.07,0.01,0.09,0.02,0.02,0.05,0.53,0.10,0.05,0.03,0.01,0.10,0.30,0.02,0.01,0.01,,
4/1/96,0.02,0.03,0.03,0.09,0.02,0.00,0.36,0.04,0.02,0.13,0.50,0.04,0.02,0.02,0.14,0.65,0.23,0.20,0.04,0.01,0.02,0.00,0.01,0.05,0.65,0.05,0.03,0.02,0.01,0.10,0.16,0.05,0.00,0.04,,
5/1/96,0.03,0.05,0.01,0.12,0.04,0.01,0.30,0.02,0.00,0.08,0.49,0.05,0.01,0.03,0.19,0.34,0.12,0.12,0.06,0.03,0.05,0.00,0.02,0.01,0.44,0.07,0.02,0.01,0.00,0.10,0.06,0.02,0.01,0.02,,
6/1/96,0.01,0.07,0.02,0.15,0.06,0.02,0.28,0.03,0.01,0.19,0.71,0.03,0.02,0.03,0.22,0.43,0.18,0.09,0.05,0.03,0.07,0.01,0.02,0.03,0.55,0.27,0.04,0.02,0.03,0.10,0.04,0.05,0.00,0.05,,
7/1/96,0.03,0.05,0.02,0.16,0.03,0.01,0.19,0.01,0.04,0.07,0.82,0.04,0.02,0.09,0.18,0.29,0.14,0.09,0.09,0.03,0.03,0.02,0.03,0.03,0.46,0.26,0.04,0.06,0.01,0.05,0.06,0.00,0.01,0.04,,
8/1/96,0.02,0.06,0.01,0.15,0.04,0.01,0.19,0.03,0.01,0.10,0.73,0.02,0.01,0.05,0.22,0.38,0.05,0.04,0.13,0.03,0.02,0.02,0.04,0.01,0.59,0.16,0.00,0.02,0.00,0.16,0.03,0.02,0.01,0.09,,
9/1/96,0.02,0.08,0.02,0.15,0.04,0.01,0.23,0.14,0.01,0.25,0.94,0.01,0.03,0.04,0.17,0.43,0.17,0.11,0.20,0.01,0.08,0.01,0.04,0.03,0.58,0.40,0.04,0.03,0.01,0.45,0.03,0.03,0.01,0.07,,
10/1/96,0.03,0.04,0.02,0.11,0.03,0.01,0.11,0.05,0.01,0.09,0.47,0.03,0.05,0.05,0.07,0.22,0.10,0.07,0.06,0.02,0.07,0.01,0.01,0.07,0.32,0.05,0.05,0.03,0.00,0.09,0.03,0.02,0.01,0.09,,
11/1/96,0.03,0.06,0.02,0.21,0.02,0.03,0.19,0.03,0.01,0.06,0.54,0.05,0.02,0.03,0.11,0.17,0.09,0.08,0.08,0.02,0.03,0.03,0.10,0.07,0.25,0.07,0.03,0.04,0.00,0.05,0.06,0.04,0.01,0.04,,
12/1/96,0.02,0.04,0.04,0.23,0.05,0.01,0.22,0.06,0.02,0.06,0.81,0.06,0.09,0.03,0.15,0.13,0.39,0.16,0.06,0.03,0.03,0.35,0.03,0.11,0.46,0.07,0.02,0.05,0.01,0.14,0.05,0.04,0.02,0.06,,
1/1/97,0.00,0.03,0.02,0.15,0.03,0.02,0.10,0.03,0.00,0.10,0.63,0.04,0.05,0.03,0.10,0.16,0.28,0.08,0.06,0.02,0.05,0.23,0.03,0.04,0.28,0.10,0.02,0.02,0.00,0.13,0.03,0.02,0.01,0.07,,
2/1/97,0.02,0.02,0.01,0.14,0.04,0.01,0.21,0.05,0.01,0.05,0.57,0.04,0.08,0.05,0.07,0.15,0.23,0.14,0.08,0.03,0.04,0.14,0.02,0.12,0.36,0.05,0.02,0.07,0.00,0.08,0.05,0.06,0.01,0.09,,
3/1/97,0.01,0.05,0.02,0.15,0.03,0.01,0.19,0.05,0.03,0.07,0.59,0.05,0.10,0.02,0.07,0.26,0.16,0.07,0.08,0.01,0.04,0.11,0.01,0.11,0.36,0.08,0.02,0.01,0.01,0.07,0.03,0.06,0.00,0.09,,
4/1/97,0.05,0.05,0.04,0.16,0.03,0.04,0.27,0.03,0.03,0.10,0.71,0.06,0.02,0.02,0.06,0.25,0.32,0.17,0.05,0.01,0.06,0.22,0.02,0.04,0.30,0.11,0.03,0.05,0.02,0.07,0.04,0.02,0.01,0.11,,
5/1/97,0.01,0.02,0.02,0.08,0.03,0.01,0.20,0.02,0.02,0.03,0.56,0.08,0.08,0.05,0.08,0.12,0.12,0.09,0.06,0.01,0.02,0.07,0.01,0.11,0.36,0.05,0.03,0.02,0.01,0.15,0.03,0.06,0.01,0.13,,
6/1/97,0.00,0.02,0.01,0.07,0.02,0.00,0.18,0.02,0.02,0.03,0.49,0.08,0.02,0.04,0.04,0.11,0.08,0.05,0.03,0.02,0.00,0.01,0.01,0.04,0.20,0.06,0.02,0.02,0.00,0.08,0.03,0.01,0.00,0.04,,
7/1/97,0.01,0.06,0.02,0.13,0.01,0.01,0.18,0.08,0.01,0.06,0.68,0.04,0.04,0.06,0.05,0.18,0.15,0.06,0.03,0.04,0.05,0.03,0.01,0.05,0.23,0.05,0.00,0.05,0.00,0.06,0.05,0.02,0.01,0.03,,
8/1/97,0.01,0.02,0.03,0.10,0.03,0.03,0.14,0.03,0.01,0.11,0.53,0.01,0.01,0.03,0.05,0.44,0.10,0.12,0.05,0.03,0.08,0.01,0.01,0.03,0.23,0.05,0.03,0.04,0.00,0.05,0.01,0.00,0.01,0.07,,
9/1/97,0.01,0.02,0.02,0.09,0.02,0.01,0.15,0.04,0.01,0.08,0.47,0.02,0.02,0.03,0.07,0.27,0.09,0.09,0.07,0.05,0.14,0.01,0.02,0.04,0.24,0.05,0.02,0.03,0.00,0.05,0.03,0.01,0.01,0.05,,
10/1/97,0.04,0.09,0.05,0.17,0.03,0.04,0.29,0.08,0.00,0.11,0.64,0.02,0.02,0.03,0.08,0.14,0.12,0.07,0.05,0.09,0.02,0.03,0.02,0.03,0.39,0.05,0.02,0.02,0.02,0.09,0.05,0.01,0.02,0.07,,
11/1/97,0.07,0.17,0.03,0.16,0.06,0.04,0.42,0.02,0.01,0.30,0.79,0.01,0.01,0.04,0.11,0.31,0.09,0.07,0.07,0.03,0.04,0.01,0.01,0.03,0.77,0.19,0.10,0.03,0.01,0.11,0.03,0.03,0.00,0.02,,
12/1/97,0.01,0.02,0.03,0.11,0.03,0.00,0.15,0.03,0.00,0.08,0.52,0.02,0.02,0.02,0.09,0.20,0.09,0.11,0.08,0.03,0.05,0.00,0.01,0.03,0.35,0.09,0.05,0.01,0.00,0.07,0.01,0.01,0.01,0.06,,
1/1/98,0.03,0.10,0.03,0.13,0.03,0.01,0.24,0.02,0.01,0.07,0.78,0.01,0.01,0.05,0.08,0.26,0.06,0.08,0.07,0.05,0.03,0.00,0.01,0.02,0.46,0.09,0.03,0.05,0.02,0.09,0.01,0.01,0.01,0.03,,
2/1/98,0.02,0.10,0.03,0.13,0.08,0.01,0.31,0.04,0.01,0.18,1.32,0.03,0.02,0.06,0.15,0.50,0.11,0.06,0.05,0.03,0.03,0.02,0.02,0.05,0.77,0.40,0.05,0.02,0.01,0.21,0.03,0.02,0.02,0.04,,
3/1/98,0.02,0.04,0.04,0.10,0.03,0.00,0.17,0.05,0.01,0.06,0.71,0.01,0.03,0.04,0.13,0.21,0.08,0.08,0.05,0.03,0.03,0.01,0.01,0.04,0.42,0.08,0.03,0.03,0.00,0.12,0.01,0.04,0.00,0.06,,
4/1/98,0.01,0.03,0.02,0.13,0.02,0.02,0.18,0.04,0.01,0.04,0.71,0.01,0.04,0.02,0.07,0.16,0.07,0.07,0.04,0.01,0.02,0.02,0.01,0.04,0.38,0.04,0.02,0.02,0.00,0.08,0.02,0.02,0.01,0.03,,
5/1/98,0.04,0.13,0.05,0.29,0.06,0.02,0.80,0.03,0.05,0.06,1.55,0.06,0.02,0.23,1.13,0.38,0.45,0.20,0.05,0.10,0.08,0.01,0.03,0.04,0.73,0.04,0.07,0.06,0.01,0.08,0.05,0.02,0.01,0.10,,
6/1/98,0.06,0.06,0.08,0.14,0.06,0.01,0.53,0.05,0.03,0.07,1.08,0.04,0.02,0.05,0.63,0.15,0.22,0.14,0.10,0.03,0.03,0.02,0.03,0.02,0.69,0.06,0.03,0.02,0.00,0.10,0.05,0.03,0.02,0.09,,
7/1/98,0.03,0.05,0.02,0.10,0.03,0.01,0.33,0.03,0.01,0.04,0.67,0.03,0.01,0.11,0.31,0.15,0.12,0.14,0.06,0.02,0.03,0.01,0.05,0.01,0.37,0.07,0.00,0.04,0.00,0.09,0.06,0.02,0.00,0.07,,
8/1/98,0.05,0.08,0.07,0.14,0.04,0.02,0.26,0.10,0.01,0.28,1.16,0.05,0.01,0.06,0.26,0.30,0.19,0.15,0.08,0.07,0.02,0.04,0.07,0.03,0.62,0.50,0.02,0.06,0.02,0.13,0.02,0.01,0.05,0.23,,
9/1/98,0.01,0.03,0.02,0.10,0.05,0.01,0.18,0.02,0.01,0.08,0.69,0.01,0.01,0.05,0.23,0.17,0.20,0.20,0.05,0.03,0.04,0.01,0.01,0.02,0.49,0.16,0.03,0.02,0.00,0.05,0.01,0.01,0.01,0.12,,
10/1/98,0.06,0.03,0.03,0.11,0.04,0.04,0.15,0.03,0.02,0.10,0.68,0.02,0.03,0.03,0.12,0.29,0.09,0.07,0.06,0.03,0.06,0.01,0.01,0.03,0.40,0.05,0.02,0.01,0.00,0.08,0.02,0.01,0.01,0.08,,
11/1/98,0.03,0.05,0.05,0.13,0.05,0.04,0.27,0.04,0.02,0.10,1.03,0.01,0.01,0.06,0.16,0.29,0.16,0.17,0.07,0.08,0.04,0.01,0.02,0.01,0.51,0.16,0.04,0.02,0.01,0.12,0.01,0.01,0.01,0.07,,
12/1/98,0.04,0.10,0.04,0.11,0.02,0.03,0.33,0.03,0.01,0.17,1.28,0.03,0.01,0.05,0.22,0.35,0.14,0.11,0.03,0.04,0.07,0.01,0.03,0.03,0.60,0.24,0.04,0.03,0.01,0.11,0.03,0.02,0.02,0.09,,
1/1/99,0.02,0.08,0.07,0.15,0.04,0.02,0.23,0.06,0.00,0.13,0.99,0.00,0.02,0.03,0.09,0.11,0.09,0.14,0.06,0.02,0.04,0.01,0.03,0.03,0.58,0.16,0.01,0.01,0.00,0.08,0.02,0.02,0.01,0.08,,
2/1/99,0.02,0.03,0.03,0.15,0.03,0.01,0.23,0.04,0.01,0.06,0.85,0.03,0.02,0.04,0.15,0.13,0.16,0.14,0.05,0.01,0.04,0.01,0.02,0.02,0.47,0.10,0.03,0.01,0.00,0.20,0.07,0.02,0.00,0.04,,
3/1/99,0.05,0.06,0.04,0.20,0.05,0.02,0.43,0.04,0.01,0.04,1.09,0.02,0.07,0.04,0.13,0.14,0.18,0.20,0.14,0.02,0.03,0.00,0.02,0.06,0.78,0.04,0.02,0.02,0.01,0.23,0.17,0.03,0.03,0.05,,
4/1/99,0.01,0.06,0.03,0.25,0.06,0.01,0.42,0.07,0.02,0.04,1.41,0.02,0.22,0.07,0.15,0.10,0.13,0.20,0.07,0.02,0.17,0.00,0.01,0.10,1.05,0.05,0.06,0.01,0.01,0.23,0.12,0.07,0.02,0.04,,
5/1/99,0.02,0.04,0.00,0.14,0.05,0.01,0.74,0.02,0.02,0.04,0.99,0.07,0.10,0.02,0.18,0.13,0.15,0.17,0.09,0.01,0.07,0.01,0.02,0.04,0.77,0.04,0.03,0.01,0.00,0.11,0.11,0.03,0.00,0.04,,
6/1/99,0.02,0.04,0.02,0.20,0.06,0.01,0.53,0.05,0.01,0.04,1.04,0.02,0.06,0.06,0.31,0.13,0.15,0.16,0.06,0.02,0.01,0.02,0.03,0.03,0.70,0.05,0.04,0.02,0.00,0.09,0.04,0.03,0.01,0.06,,
7/1/99,0.03,0.03,0.03,0.11,0.04,0.01,0.33,0.13,0.01,0.07,0.73,0.04,0.03,0.06,0.28,0.21,0.15,0.15,0.05,0.02,0.05,0.03,0.03,0.02,0.30,0.05,0.01,0.01,0.00,0.09,0.15,0.03,0.02,0.05,,
8/1/99,0.03,0.06,0.03,0.13,0.03,0.03,0.34,0.08,0.01,0.06,0.68,0.06,0.02,0.09,0.23,0.17,0.19,0.18,0.08,0.01,0.03,0.02,0.03,0.02,0.56,0.08,0.01,0.03,0.01,0.13,0.15,0.02,0.05,0.07,,
9/1/99,0.03,0.38,0.03,0.19,0.02,0.01,0.32,0.08,0.01,0.08,0.79,0.04,0.01,0.48,0.13,0.19,0.19,0.21,0.07,0.08,0.03,0.02,0.08,0.03,0.67,0.07,0.04,0.09,0.00,0.09,0.08,0.04,0.03,0.05,,
10/1/99,0.01,0.12,0.02,0.20,0.03,0.02,0.38,0.03,0.01,0.04,0.69,0.03,0.04,0.17,0.38,0.17,0.20,0.24,0.07,0.05,0.02,0.02,0.01,0.05,0.84,0.07,0.03,0.04,0.01,0.06,0.05,0.03,0.00,0.12,,
11/1/99,0.02,0.05,0.02,0.15,0.01,0.03,0.31,0.04,0.01,0.08,0.72,0.03,0.03,0.07,0.15,0.13,0.09,0.12,0.07,0.02,0.06,0.01,0.03,0.04,0.65,0.07,0.02,0.02,0.01,0.24,0.09,0.05,0.01,0.09,,
12/1/99,0.02,0.08,0.03,0.39,0.08,0.02,0.41,0.08,0.00,0.10,0.96,0.04,0.02,0.06,0.23,0.31,0.14,0.12,0.09,0.05,0.04,0.01,0.03,0.02,0.97,0.20,0.02,0.01,0.00,0.10,0.08,0.03,0.03,0.07,,
1/1/00,0.01,0.04,0.03,0.22,0.05,0.01,0.27,0.06,0.01,0.07,0.69,0.01,0.03,0.10,0.25,0.16,0.08,0.08,0.05,0.02,0.03,0.02,0.01,0.03,0.73,0.06,0.05,0.05,0.00,0.05,0.05,0.03,0.03,0.07,,
2/1/00,0.02,0.03,0.02,0.18,0.05,0.01,0.21,0.05,0.02,0.06,0.73,0.03,0.02,0.06,0.15,0.30,0.07,0.09,0.06,0.01,0.03,0.00,0.02,0.01,0.53,0.05,0.05,0.02,0.00,0.05,0.10,0.01,0.02,0.06,,
3/1/00,0.01,0.03,0.02,0.13,0.02,0.01,0.28,0.05,0.01,0.03,0.54,0.02,0.01,0.03,0.21,0.15,0.14,0.08,0.04,0.02,0.02,0.01,0.02,0.02,0.35,0.06,0.03,0.01,0.01,0.03,0.15,0.02,0.02,0.10,,
4/1/00,0.01,0.03,0.03,0.16,0.02,0.01,0.21,0.06,0.00,0.05,0.53,0.01,0.02,0.04,0.12,0.14,0.09,0.19,0.04,0.06,0.01,0.04,0.10,0.03,0.44,0.03,0.03,0.01,0.00,0.02,0.08,0.03,0.01,0.09,,
5/1/00,0.02,0.07,0.02,0.18,0.01,0.01,0.31,0.05,0.00,0.04,0.99,0.03,0.00,0.05,0.41,0.28,0.11,0.14,0.13,0.13,0.07,0.06,0.20,0.01,0.47,0.04,0.03,0.01,0.01,0.03,0.07,0.02,0.01,0.19,,
6/1/00,0.03,0.11,0.04,0.14,0.04,0.02,0.33,0.06,0.00,0.02,0.67,0.02,0.01,0.03,0.23,0.16,0.15,0.34,0.17,0.03,0.02,0.05,0.02,0.02,0.52,0.03,0.02,0.01,0.00,0.02,0.05,0.02,0.02,0.05,,
7/1/00,0.01,0.09,0.02,0.15,0.03,0.01,0.34,0.04,0.02,0.05,0.60,0.01,0.00,0.05,0.25,0.22,0.18,0.24,0.04,0.05,0.04,0.01,0.04,0.01,0.41,0.03,0.01,0.04,0.01,0.03,0.09,0.01,0.01,0.08,,
8/1/00,0.03,0.05,0.03,0.11,0.03,0.02,0.19,0.09,0.01,0.03,0.60,0.02,0.01,0.05,0.21,0.12,0.09,0.11,0.07,0.05,0.06,0.02,0.09,0.01,0.34,0.05,0.02,0.01,0.00,0.03,0.03,0.01,0.05,0.09,,
9/1/00,0.03,0.02,0.04,0.10,0.01,0.03,0.28,0.07,0.03,0.01,0.58,0.03,0.01,0.07,0.14,0.11,0.09,0.13,0.09,0.13,0.02,0.09,0.15,0.01,0.36,0.08,0.03,0.03,0.00,0.04,0.06,0.01,0.03,0.06,,
10/1/00,0.02,0.03,0.02,0.14,0.04,0.02,0.18,0.08,0.01,0.47,0.79,0.01,0.05,0.04,0.12,0.88,0.09,0.15,0.04,0.02,0.16,0.04,0.02,0.03,0.45,0.29,0.02,0.01,0.02,0.12,0.04,0.02,0.04,0.04,,
11/1/00,0.01,0.03,0.02,0.08,0.03,0.01,0.16,0.04,0.01,0.15,0.51,0.01,0.01,0.04,0.11,0.41,0.11,0.10,0.03,0.05,0.08,0.05,0.03,0.01,0.29,0.11,0.03,0.02,0.02,0.08,0.02,0.01,0.03,0.03,,
12/1/00,0.02,0.02,0.02,0.11,0.04,0.02,0.18,0.06,0.02,0.09,0.44,0.00,0.01,0.04,0.16,0.31,0.06,0.11,0.09,0.04,0.07,0.02,0.01,0.01,0.32,0.11,0.03,0.01,0.01,0.08,0.03,0.03,0.04,0.06,,
1/1/01,0.01,0.02,0.03,0.09,0.03,0.02,0.26,0.08,0.00,0.10,0.56,0.01,0.01,0.03,0.15,0.27,0.08,0.12,0.04,0.01,0.02,0.03,0.01,0.03,0.39,0.07,0.05,0.03,0.01,0.06,0.08,0.03,0.04,0.04,,
2/1/01,0.02,0.01,0.04,0.14,0.06,0.02,0.31,0.06,0.02,0.19,0.89,0.01,0.01,0.05,0.17,0.36,0.10,0.12,0.10,0.02,0.04,0.02,0.02,0.02,0.44,0.15,0.04,0.02,0.01,0.14,0.03,0.03,0.01,0.03,,
3/1/01,0.02,0.04,0.01,0.11,0.02,0.02,0.26,0.05,0.01,0.06,0.71,0.02,0.00,0.04,0.10,0.32,0.15,0.21,0.06,0.02,0.05,0.01,0.02,0.01,0.35,0.07,0.09,0.02,0.01,0.11,0.13,0.05,0.02,0.03,,
4/1/01,0.02,0.02,0.03,0.12,0.02,0.02,0.40,0.06,0.01,0.12,0.40,0.02,0.01,0.03,0.09,0.30,0.12,0.10,0.05,0.01,0.07,0.03,0.04,0.01,0.28,0.05,0.01,0.01,0.00,0.02,0.25,0.02,0.02,0.02,,
5/1/01,0.00,0.04,0.02,0.15,0.03,0.01,0.33,0.07,0.02,0.10,0.68,0.01,0.06,0.03,0.12,0.30,0.12,0.20,0.03,0.02,0.03,0.03,0.04,0.02,0.51,0.05,0.06,0.01,0.00,0.11,0.07,0.02,0.01,0.03,,
6/1/01,0.02,0.04,0.03,0.11,0.01,0.01,0.29,0.02,0.03,0.08,0.82,0.01,0.08,0.03,0.12,0.43,0.11,0.19,0.05,0.09,0.06,0.04,0.16,0.10,0.45,0.16,0.13,0.01,0.01,0.09,0.04,0.04,0.01,0.04,,
7/1/01,0.03,0.08,0.02,0.15,0.02,0.01,0.31,0.05,0.02,0.04,0.70,0.02,0.03,0.04,0.17,0.30,0.18,0.13,0.06,0.01,0.02,0.02,0.03,0.03,0.51,0.06,0.03,0.01,0.01,0.06,0.05,0.02,0.00,0.05,,
8/1/01,0.01,0.05,0.02,0.12,0.03,0.01,0.22,0.10,0.02,0.09,0.73,0.01,0.03,0.05,0.12,0.53,0.06,0.11,0.07,0.01,0.11,0.01,0.03,0.02,0.33,0.06,0.01,0.01,0.01,0.06,0.03,0.04,0.02,0.07,,
9/1/01,0.13,0.34,0.21,1.72,0.51,0.05,0.77,0.21,0.05,0.70,5.99,0.26,0.03,0.21,0.94,1.34,1.24,0.45,0.46,0.14,0.11,0.10,0.17,0.10,1.70,1.44,0.15,0.12,0.04,0.35,0.16,0.03,0.06,0.13,,
10/1/01,0.11,0.40,0.12,1.55,0.51,0.04,0.66,0.11,0.05,0.62,5.90,0.18,0.04,0.27,0.95,1.44,0.91,0.27,0.35,0.25,0.15,0.04,0.18,0.07,1.82,1.07,0.12,0.09,0.07,0.33,0.17,0.12,0.07,0.13,,
11/1/01,0.08,0.18,0.12,0.81,0.22,0.06,0.36,0.06,0.05,0.29,2.81,0.07,0.04,0.18,0.57,0.68,0.52,0.23,0.23,0.08,0.13,0.06,0.19,0.10,1.38,0.55,0.10,0.04,0.03,0.34,0.08,0.02,0.04,0.13,,
12/1/01,0.11,0.14,0.08,0.46,0.11,0.03,0.39,0.06,0.03,0.29,2.15,0.06,0.04,0.10,0.74,1.06,0.38,0.23,0.18,0.05,0.13,0.04,0.09,0.05,0.90,0.38,0.05,0.06,0.04,0.19,0.08,0.03,0.03,0.08,,
1/1/02,0.10,0.11,0.06,0.37,0.16,0.02,0.34,0.17,0.04,0.17,1.64,0.05,0.02,0.09,0.81,0.60,0.35,0.18,0.14,0.08,0.06,0.04,0.13,0.02,0.46,0.24,0.05,0.05,0.03,0.13,0.05,0.02,0.03,0.06,,
2/1/02,0.13,0.09,0.08,0.32,0.09,0.02,0.37,0.17,0.03,0.14,1.46,0.06,0.01,0.08,0.32,0.61,0.30,0.53,0.12,0.05,0.06,0.03,0.17,0.03,0.52,0.29,0.07,0.05,0.03,0.14,0.07,0.01,0.07,0.10,,
3/1/02,0.06,0.16,0.06,0.40,0.09,0.01,0.28,0.17,0.05,0.28,1.49,0.03,0.01,0.07,0.22,1.09,0.17,0.32,0.21,0.02,0.15,0.08,0.14,0.03,0.60,0.54,0.05,0.02,0.01,0.15,0.06,0.02,0.03,0.10,,
4/1/02,0.06,0.08,0.04,0.38,0.11,0.02,0.17,0.14,0.05,0.40,1.60,0.03,0.01,0.07,0.19,1.84,0.19,0.17,0.12,0.05,0.24,0.02,0.09,0.03,0.54,0.57,0.06,0.03,0.07,0.13,0.03,0.02,0.15,0.06,,
5/1/02,0.04,0.13,0.03,0.38,0.08,0.01,0.28,0.15,0.03,0.18,1.72,0.04,0.03,0.06,0.71,0.92,0.29,0.23,0.08,0.04,0.09,0.03,0.08,0.04,0.84,0.25,0.04,0.04,0.03,0.09,0.05,0.01,0.05,0.05,,
6/1/02,0.03,0.11,0.03,0.52,0.08,0.01,0.23,0.05,0.05,0.25,1.50,0.03,0.02,0.03,0.90,0.86,0.35,0.15,0.08,0.07,0.11,0.02,0.08,0.02,0.72,0.27,0.04,0.01,0.05,0.08,0.03,0.01,0.04,0.10,,
7/1/02,0.03,0.06,0.03,0.33,0.07,0.01,0.18,0.05,0.03,0.16,1.21,0.04,0.02,0.04,0.33,0.60,0.22,0.19,0.12,0.06,0.04,0.00,0.09,0.03,0.38,0.17,0.08,0.07,0.01,0.14,0.05,0.02,0.01,0.06,,
8/1/02,0.04,0.07,0.06,0.24,0.06,0.02,0.26,0.08,0.03,0.18,1.31,0.01,0.01,0.04,0.27,0.65,0.22,0.24,0.11,0.04,0.04,0.01,0.07,0.02,0.55,0.38,0.05,0.03,0.02,0.18,0.05,0.02,0.04,0.10,,
9/1/02,0.06,0.10,0.07,0.48,0.10,0.02,0.51,0.09,0.08,0.27,2.34,0.05,0.02,0.09,0.25,0.80,0.39,0.22,0.14,0.06,0.08,0.01,0.06,0.09,1.04,0.52,0.04,0.06,0.02,0.23,0.06,0.07,0.04,0.18,,
10/1/02,0.05,0.27,0.10,0.39,0.09,0.02,0.59,0.07,0.10,0.16,1.96,0.07,0.03,0.51,0.28,0.51,0.55,0.57,0.30,0.24,0.05,0.01,0.23,0.06,1.21,0.27,0.08,0.10,0.04,0.19,0.07,0.03,0.06,0.08,,
11/1/02,0.04,0.24,0.02,0.41,0.10,0.04,0.36,0.05,0.09,0.24,1.90,0.04,0.04,0.22,0.19,0.60,0.32,0.37,0.17,0.10,0.05,0.03,0.07,0.09,0.95,0.34,0.08,0.07,0.07,0.22,0.04,0.06,0.04,0.05,,
12/1/02,0.05,0.21,0.08,0.45,0.10,0.04,0.48,0.09,0.12,0.19,2.06,0.05,0.04,0.18,0.30,0.69,0.63,0.84,0.11,0.06,0.07,0.02,0.12,0.04,0.90,0.34,0.06,0.06,0.04,0.31,0.04,0.03,0.33,0.08,,
1/1/03,0.04,0.18,0.10,0.50,0.25,0.04,0.82,0.06,0.06,0.28,2.75,0.08,0.08,0.09,0.29,0.65,0.76,1.24,0.28,0.07,0.07,0.02,0.05,0.08,1.16,0.42,0.09,0.04,0.02,0.43,0.05,0.04,0.27,0.10,,
2/1/03,0.06,0.29,0.08,0.53,0.14,0.14,0.94,0.14,0.05,0.26,3.60,0.07,0.04,0.17,0.25,0.72,0.75,1.03,0.27,0.09,0.05,0.01,0.11,0.05,1.33,0.37,0.08,0.07,0.01,0.63,0.08,0.03,0.28,0.11,,
3/1/03,0.08,0.40,0.04,0.84,0.22,0.29,0.81,0.11,0.04,0.47,5.56,0.12,0.04,0.17,0.33,1.11,0.81,0.87,0.44,0.10,0.07,0.02,0.21,0.08,1.70,0.75,0.06,0.10,0.06,1.20,0.06,0.03,0.19,0.09,,
4/1/03,0.07,0.24,0.08,0.55,0.12,0.04,0.89,0.04,0.03,0.36,3.62,0.31,0.03,0.10,0.21,0.82,0.66,0.81,0.19,0.06,0.05,0.04,0.10,0.08,1.16,0.42,0.05,0.09,0.04,0.64,0.07,0.04,0.09,0.08,,
5/1/03,0.02,0.21,0.05,0.50,0.10,0.02,0.47,0.08,0.05,0.25,2.01,0.08,0.02,0.15,0.29,0.78,0.31,0.45,0.14,0.06,0.07,0.02,0.11,0.11,0.93,0.68,0.03,0.03,0.03,0.17,0.07,0.02,0.02,0.08,,
6/1/03,0.03,0.14,0.05,0.30,0.06,0.02,0.45,0.05,0.04,0.25,1.71,0.05,0.01,0.13,0.24,0.71,0.39,0.56,0.09,0.10,0.07,0.02,0.05,0.10,0.60,0.26,0.03,0.11,0.05,0.15,0.04,0.04,0.04,0.05,,
7/1/03,0.04,0.08,0.06,0.21,0.05,0.02,0.39,0.05,0.02,0.09,1.46,0.06,0.02,0.08,0.28,0.45,0.38,0.47,0.07,0.07,0.06,0.03,0.06,0.03,0.35,0.27,0.02,0.05,0.01,0.13,0.02,0.02,0.03,0.13,,
8/1/03,0.02,0.16,0.06,0.31,0.11,0.00,0.40,0.06,0.03,0.10,1.47,0.03,0.03,0.19,0.28,0.64,0.41,0.47,0.11,0.06,0.05,0.01,0.11,0.06,0.65,0.26,0.01,0.06,0.01,0.16,0.04,0.03,0.03,0.07,,
9/1/03,0.05,0.14,0.04,0.19,0.05,0.03,0.30,0.07,0.03,0.08,1.37,0.06,0.02,0.10,0.31,0.46,0.26,0.37,0.13,0.03,0.06,0.01,0.05,0.08,0.51,0.16,0.04,0.06,0.02,0.18,0.02,0.01,0.04,0.04,,
10/1/03,0.03,0.12,0.04,0.20,0.04,0.04,0.35,0.04,0.02,0.14,1.10,0.04,0.01,0.14,0.21,0.47,0.32,0.42,0.14,0.06,0.04,0.02,0.08,0.05,0.56,0.19,0.03,0.19,0.01,0.18,0.04,0.05,0.03,0.03,,
11/1/03,0.02,0.17,0.04,0.25,0.06,0.02,0.29,0.05,0.02,0.18,1.49,0.04,0.01,0.10,0.19,0.41,0.33,0.29,0.10,0.02,0.03,0.02,0.04,0.06,0.39,0.30,0.02,0.05,0.03,0.51,0.06,0.02,0.02,0.03,,
12/1/03,0.02,0.10,0.05,0.32,0.06,0.02,0.47,0.07,0.00,0.16,1.31,0.04,0.00,0.06,0.25,0.46,0.43,0.52,0.14,0.02,0.03,0.03,0.05,0.08,0.49,0.25,0.05,0.05,0.04,0.25,0.16,0.02,0.01,0.05,,
1/1/04,0.03,0.07,0.10,0.28,0.11,0.03,0.36,0.04,0.03,0.16,1.29,0.04,0.00,0.06,0.32,0.43,0.28,0.40,0.33,0.04,0.03,0.02,0.03,0.03,0.33,0.18,0.05,0.04,0.02,0.13,0.05,0.01,0.02,0.05,,
2/1/04,0.02,0.08,0.05,0.22,0.07,0.02,0.39,0.03,0.03,0.07,1.18,0.02,0.01,0.08,0.25,0.31,0.34,0.55,0.07,0.08,0.03,0.01,0.03,0.06,0.50,0.14,0.02,0.04,0.02,0.15,0.04,0.04,0.02,0.04,,
3/1/04,0.03,0.14,0.05,0.29,0.17,0.04,0.32,0.02,0.03,0.15,1.76,0.05,0.01,0.08,0.26,0.49,0.29,0.30,0.12,0.08,0.04,0.02,0.07,0.14,0.42,0.18,0.03,0.06,0.03,0.23,0.13,0.03,0.08,0.07,,
4/1/04,0.01,0.18,0.07,0.35,0.09,0.01,0.45,0.03,0.04,0.15,1.67,0.06,0.02,0.12,0.19,0.49,0.51,0.34,0.10,0.08,0.02,0.02,0.08,0.15,0.42,0.33,0.04,0.08,0.06,0.26,0.09,0.10,0.02,0.05,,
5/1/04,0.02,0.06,0.06,0.22,0.08,0.01,0.42,0.06,0.02,0.21,1.23,0.04,0.01,0.07,0.19,0.38,0.24,0.21,0.10,0.04,0.02,0.04,0.02,0.07,0.32,0.29,0.03,0.04,0.03,0.11,0.06,0.01,0.05,0.07,,
6/1/04,0.01,0.08,0.05,0.31,0.06,0.02,0.45,0.03,0.02,0.17,1.37,0.03,0.01,0.14,0.24,0.26,0.33,0.42,0.10,0.05,0.07,0.02,0.04,0.06,0.58,0.56,0.03,0.04,0.01,0.31,0.03,0.01,0.06,0.05,,
7/1/04,0.01,0.11,0.04,0.23,0.03,0.01,0.31,0.03,0.01,0.27,1.26,0.03,0.02,0.12,0.29,0.39,0.20,0.32,0.13,0.06,0.02,0.02,0.26,0.05,0.37,0.33,0.01,0.04,0.02,0.16,0.04,0.02,0.02,0.05,,
8/1/04,0.02,0.08,0.06,0.19,0.08,0.03,0.26,0.05,0.02,0.18,1.41,0.03,0.01,0.05,0.15,0.30,0.20,0.21,0.13,0.04,0.03,0.01,0.05,0.03,0.54,0.19,0.03,0.04,0.01,0.19,0.02,0.04,0.10,0.11,,
9/1/04,0.04,0.15,0.07,0.19,0.03,0.01,0.42,0.02,0.02,0.21,1.57,0.01,0.01,0.10,0.24,0.51,0.26,0.42,0.13,0.02,0.03,0.01,0.05,0.04,0.99,0.26,0.02,0.03,0.02,0.22,0.03,0.03,0.02,0.05,,
10/1/04,0.01,0.15,0.07,0.19,0.03,0.00,0.33,0.02,0.02,0.16,1.14,0.02,0.02,0.11,0.12,0.34,0.24,0.26,0.10,0.03,0.03,0.02,0.02,0.08,0.49,0.14,0.03,0.05,0.03,0.17,0.05,0.03,0.01,0.04,,
11/1/04,0.02,0.09,0.07,0.22,0.05,0.11,0.36,0.05,0.02,0.21,1.50,0.03,0.03,0.05,0.19,0.42,0.19,0.26,0.11,0.02,0.07,0.02,0.07,0.10,0.50,0.14,0.03,0.05,0.03,0.16,0.05,0.12,0.04,0.12,,
12/1/04,0.03,0.10,0.07,0.29,0.06,0.03,0.41,0.02,0.04,0.17,0.99,0.06,0.00,0.13,0.23,0.32,0.24,0.22,0.12,0.06,0.05,0.02,0.04,0.04,0.38,0.20,0.04,0.12,0.02,0.15,0.12,0.16,0.02,0.08,,
1/1/05,0.02,0.16,0.06,0.17,0.05,0.01,0.45,0.04,0.03,0.15,1.03,0.05,0.02,0.24,0.24,0.40,0.21,0.23,0.11,0.04,0.06,0.06,0.03,0.06,0.33,0.19,0.04,0.16,0.01,0.09,0.10,0.07,0.05,0.03,,
2/1/05,0.01,0.07,0.03,0.20,0.05,0.01,0.63,0.07,0.02,0.29,1.21,0.02,0.01,0.07,0.17,0.54,0.31,0.44,0.08,0.03,0.03,0.02,0.05,0.08,0.52,0.12,0.02,0.05,0.02,0.13,0.16,0.11,0.03,0.04,,
3/1/05,0.03,0.06,0.07,0.20,0.03,0.02,0.53,0.04,0.02,0.17,1.00,0.04,0.02,0.04,0.21,0.33,0.21,0.32,0.09,0.01,0.02,0.01,0.05,0.03,0.49,0.14,0.03,0.04,0.02,0.05,0.21,0.12,0.03,0.05,,
4/1/05,0.01,0.08,0.04,0.16,0.03,0.01,0.36,0.04,0.04,0.07,0.84,0.01,0.02,0.05,0.23,0.19,0.16,0.20,0.07,0.01,0.02,0.01,0.04,0.05,0.26,0.07,0.03,0.04,0.01,0.09,0.09,0.06,0.02,0.08,,
5/1/05,0.02,0.07,0.06,0.16,0.03,0.02,0.41,0.04,0.02,0.09,1.09,0.03,0.01,0.06,0.16,0.25,0.28,0.44,0.13,0.01,0.01,0.02,0.03,0.05,0.42,0.09,0.02,0.04,0.02,0.10,0.05,0.04,0.04,0.02,,
6/1/05,0.02,0.09,0.04,0.13,0.03,0.01,0.39,0.04,0.03,0.11,0.76,0.03,0.00,0.06,0.19,0.21,0.22,0.27,0.05,0.03,0.03,0.01,0.03,0.04,0.30,0.13,0.02,0.05,0.01,0.17,0.06,0.04,0.03,0.04,,
7/1/05,0.02,0.18,0.15,0.35,0.08,0.02,0.72,0.03,0.09,0.39,3.10,0.05,0.01,0.10,0.37,0.49,0.45,0.41,0.15,0.04,0.03,0.02,0.05,0.05,0.58,0.19,0.03,0.08,0.02,0.27,0.13,0.03,0.02,0.08,,
8/1/05,0.02,0.10,0.12,0.19,0.03,0.01,0.39,0.06,0.04,0.17,1.70,0.03,0.00,0.06,0.21,0.41,0.23,0.24,0.10,0.03,0.04,0.02,0.05,0.03,0.41,0.29,0.02,0.03,0.01,0.11,0.02,0.02,0.06,0.05,,
9/1/05,0.02,0.07,0.05,0.17,0.03,0.01,0.50,0.02,0.01,0.14,1.32,0.05,0.01,0.04,0.26,0.22,0.26,0.32,0.13,0.02,0.03,0.02,0.03,0.03,0.47,0.11,0.02,0.04,0.02,0.15,0.06,0.04,0.05,0.05,,
10/1/05,0.01,0.11,0.02,0.11,0.04,0.01,0.25,0.01,0.03,0.11,0.95,0.03,0.01,0.14,0.16,0.26,0.14,0.15,0.06,0.05,0.04,0.01,0.01,0.03,0.39,0.07,0.03,0.05,0.00,0.06,0.03,0.04,0.01,0.04,,
11/1/05,0.04,0.13,0.05,0.11,0.04,0.02,0.39,0.02,0.02,0.16,0.97,0.05,0.01,0.12,0.17,0.27,0.18,0.19,0.05,0.04,0.02,0.01,0.02,0.03,0.35,0.08,0.03,0.03,0.01,0.05,0.06,0.04,0.05,0.03,,
12/1/05,0.02,0.05,0.05,0.21,0.05,0.01,0.21,0.04,0.02,0.17,0.93,0.03,0.01,0.07,0.19,0.29,0.10,0.13,0.04,0.03,0.05,0.01,0.02,0.03,0.25,0.11,0.03,0.05,0.03,0.07,0.02,0.08,0.03,0.02,,
1/1/06,0.01,0.06,0.05,0.12,0.09,0.02,0.63,0.02,0.01,0.16,1.21,0.03,0.02,0.05,0.28,0.46,0.13,0.23,0.06,0.02,0.07,0.02,0.02,0.02,0.67,0.11,0.04,0.02,0.01,0.06,0.01,0.09,0.06,0.05,,
2/1/06,0.03,0.05,0.03,0.19,0.04,0.00,0.47,0.03,0.15,0.14,1.24,0.04,0.01,0.08,0.25,0.30,0.15,0.21,0.08,0.01,0.04,0.02,0.03,0.04,0.54,0.16,0.03,0.04,0.02,0.07,0.05,0.04,0.07,0.05,,
3/1/06,0.03,0.09,0.05,0.24,0.03,0.03,0.53,0.03,0.03,0.11,1.04,0.03,0.01,0.05,0.35,0.34,0.13,0.26,0.07,0.03,0.03,0.00,0.02,0.04,0.58,0.13,0.01,0.04,0.00,0.09,0.04,0.06,0.05,0.04,,
4/1/06,0.03,0.08,0.04,0.22,0.04,0.02,0.54,0.02,0.03,0.17,0.98,0.02,0.01,0.03,0.24,0.36,0.13,0.20,0.11,0.02,0.04,0.04,0.02,0.03,0.50,0.10,0.02,0.02,0.00,0.11,0.06,0.05,0.04,0.03,,
5/1/06,0.00,0.06,0.07,0.19,0.06,0.01,0.57,0.05,0.02,0.12,1.04,0.02,0.01,0.06,0.14,0.25,0.09,0.20,0.11,0.02,0.03,0.01,0.00,0.03,0.54,0.07,0.02,0.03,0.00,0.10,0.05,0.06,0.07,0.04,,
6/1/06,0.01,0.11,0.07,0.44,0.05,0.01,0.54,0.01,0.04,0.18,1.26,0.01,0.02,0.08,0.23,0.43,0.26,0.29,0.08,0.02,0.05,0.01,0.02,0.02,0.59,0.11,0.04,0.03,0.01,0.11,0.04,0.03,0.04,0.06,,
7/1/06,0.03,0.07,0.05,0.49,0.07,0.03,0.74,0.02,0.04,0.37,1.69,0.03,0.01,0.04,0.38,1.73,0.59,0.71,0.14,0.05,0.05,0.03,0.02,0.03,0.88,0.27,0.03,0.03,0.00,0.18,0.04,0.06,0.05,0.04,,
8/1/06,0.03,0.09,0.05,0.29,0.05,0.03,0.47,0.02,0.05,0.23,2.15,0.03,0.01,0.15,0.25,1.73,0.16,0.20,0.13,0.11,0.09,0.02,0.03,0.06,0.55,0.13,0.07,0.05,0.01,0.17,0.02,0.02,0.08,0.03,,
9/1/06,0.03,0.11,0.05,0.39,0.05,0.02,0.49,0.02,0.08,0.14,1.38,0.02,0.02,0.07,0.17,0.62,0.18,0.24,0.15,0.04,0.04,0.01,0.03,0.08,0.52,0.15,0.05,0.12,0.00,0.15,0.03,0.01,0.06,0.05,,
10/1/06,0.03,0.15,0.06,0.21,0.10,0.01,1.09,0.02,0.03,0.18,1.25,0.06,0.02,0.04,0.26,0.35,0.87,1.32,0.13,0.03,0.05,0.00,0.02,0.04,0.79,0.13,0.03,0.06,0.00,0.06,0.11,0.03,0.04,0.07,,
11/1/06,0.02,0.11,0.03,0.19,0.03,0.01,0.43,0.02,0.02,0.14,1.01,0.03,0.01,0.06,0.22,0.46,0.24,0.40,0.09,0.02,0.03,0.01,0.02,0.03,0.41,0.10,0.03,0.03,0.01,0.09,0.03,0.04,0.05,0.05,,
12/1/06,0.01,0.07,0.04,0.15,0.03,0.01,0.41,0.02,0.04,0.19,1.00,0.03,0.02,0.06,0.24,0.52,0.23,0.34,0.09,0.02,0.03,0.01,0.02,0.03,0.54,0.21,0.01,0.05,0.00,0.11,0.03,0.05,0.03,0.05,,
1/1/07,0.02,0.06,0.03,0.16,0.09,0.00,0.36,0.03,0.00,0.15,0.92,0.02,0.01,0.05,0.15,0.38,0.17,0.26,0.13,0.02,0.02,0.03,0.06,0.04,0.33,0.16,0.02,0.06,0.01,0.07,0.04,0.02,0.04,0.06,,
2/1/07,0.02,0.09,0.03,0.23,0.05,0.01,0.50,0.02,0.02,0.14,1.04,0.02,0.01,0.03,0.21,0.31,0.27,0.38,0.05,0.03,0.04,0.00,0.01,0.08,0.59,0.24,0.03,0.02,0.00,0.11,0.02,0.02,0.03,0.02,,
3/1/07,0.02,0.07,0.05,0.13,0.04,0.01,0.41,0.04,0.01,0.12,1.09,0.06,0.01,0.08,0.14,0.31,0.19,0.28,0.08,0.03,0.04,0.01,0.04,0.04,0.39,0.19,0.01,0.03,0.01,0.10,0.04,0.02,0.05,0.09,,
4/1/07,0.01,0.07,0.02,0.20,0.03,0.01,0.33,0.02,0.02,0.15,0.83,0.02,0.01,0.04,0.13,0.22,0.14,0.20,0.09,0.03,0.04,0.01,0.03,0.07,0.29,0.11,0.01,0.03,0.03,0.12,0.02,0.03,0.01,0.04,,
5/1/07,0.04,0.05,0.03,0.22,0.03,0.01,0.32,0.03,0.02,0.17,1.02,0.02,0.01,0.04,0.15,0.36,0.11,0.14,0.07,0.01,0.03,0.02,0.01,0.07,0.38,0.13,0.04,0.03,0.01,0.13,0.02,0.02,0.01,0.06,,
6/1/07,0.03,0.07,0.04,0.21,0.03,0.01,0.38,0.04,0.02,0.17,1.08,0.01,0.02,0.03,0.21,0.44,0.16,0.23,0.10,0.03,0.04,0.02,0.02,0.18,0.50,0.12,0.05,0.03,0.00,0.16,0.02,0.03,0.03,0.07,,
7/1/07,0.02,0.16,0.04,0.21,0.03,0.02,0.38,0.03,0.03,0.17,1.44,0.03,0.01,0.04,0.35,0.27,0.18,0.34,0.12,0.03,0.03,0.03,0.03,0.08,0.42,0.17,0.02,0.02,0.01,0.16,0.03,0.03,0.03,0.03,,
8/1/07,0.02,0.08,0.03,0.21,0.02,0.00,0.29,0.02,0.02,0.10,0.92,0.03,0.01,0.03,0.15,0.17,0.18,0.24,0.09,0.04,0.02,0.02,0.03,0.03,0.33,0.14,0.03,0.01,0.01,0.10,0.02,0.01,0.04,0.02,,
9/1/07,0.01,0.10,0.02,0.17,0.02,0.01,0.57,0.02,0.03,0.10,0.94,0.02,0.00,0.05,0.23,0.38,0.18,0.29,0.07,0.01,0.03,0.01,0.02,0.03,0.50,0.14,0.03,0.07,0.02,0.14,0.04,0.02,0.03,0.04,,
10/1/07,0.03,0.11,0.07,0.18,0.03,0.02,0.57,0.03,0.00,0.09,0.88,0.03,0.01,0.04,0.24,0.38,0.17,0.30,0.06,0.04,0.04,0.01,0.03,0.15,0.57,0.11,0.04,0.13,0.00,0.51,0.04,0.05,0.05,0.08,,
11/1/07,0.02,0.07,0.03,0.12,0.05,0.01,0.46,0.03,0.02,0.09,0.96,0.02,0.03,0.03,0.28,0.23,0.14,0.14,0.04,0.01,0.03,0.00,0.02,0.05,0.44,0.19,0.01,0.04,0.02,0.25,0.03,0.04,0.07,0.03,,
12/1/07,0.01,0.07,0.04,0.17,0.07,0.03,0.49,0.06,0.01,0.10,1.11,0.05,0.01,0.05,0.18,0.44,0.13,0.17,0.07,0.01,0.03,0.01,0.02,0.04,0.63,0.16,0.02,0.06,0.01,0.16,0.01,0.01,0.11,0.03,,
1/1/08,0.02,0.04,0.06,0.11,0.06,0.01,0.35,0.03,0.01,0.23,0.69,0.04,0.00,0.05,0.23,0.44,0.15,0.17,0.05,0.02,0.04,0.01,0.02,0.02,0.29,0.15,0.02,0.02,0.00,0.04,0.03,0.00,0.06,0.04,,
2/1/08,0.04,0.09,0.02,0.18,0.03,0.02,0.29,0.03,0.03,0.14,0.71,0.01,0.00,0.08,0.14,0.30,0.10,0.11,0.06,0.01,0.02,0.00,0.02,0.06,0.38,0.06,0.01,0.03,0.01,0.19,0.02,0.05,0.08,0.08,,
3/1/08,0.04,0.05,0.06,0.16,0.03,0.02,0.34,0.21,0.02,0.14,0.64,0.03,0.00,0.06,0.13,0.42,0.07,0.10,0.07,0.02,0.03,0.02,0.00,0.05,0.29,0.10,0.02,0.03,0.01,0.16,0.07,0.04,0.20,0.05,,
4/1/08,0.01,0.03,0.02,0.14,0.02,0.01,0.29,0.08,0.02,0.10,0.63,0.03,0.00,0.03,0.12,0.32,0.14,0.23,0.08,0.01,0.01,0.01,0.02,0.04,0.28,0.08,0.02,0.03,0.01,0.05,0.02,0.06,0.04,0.11,,
5/1/08,0.02,0.07,0.04,0.13,0.02,0.02,0.40,0.07,0.02,0.18,0.54,0.01,0.01,0.06,0.24,0.47,0.09,0.15,0.07,0.02,0.03,0.01,0.01,0.03,0.34,0.20,0.02,0.11,0.01,0.09,0.04,0.03,0.06,0.06,,
6/1/08,0.02,0.08,0.05,0.19,0.06,0.00,0.37,0.03,0.05,0.20,0.88,0.01,0.01,0.04,0.18,0.49,0.16,0.23,0.07,0.04,0.03,0.00,0.03,0.04,0.33,0.10,0.04,0.04,0.01,0.10,0.03,0.01,0.07,0.10,,
7/1/08,0.02,0.07,0.05,0.20,0.07,0.02,0.45,0.08,0.02,0.09,0.90,0.02,0.01,0.03,0.27,0.50,0.27,0.20,0.07,0.03,0.02,0.01,0.02,0.08,0.54,0.07,0.02,0.05,0.00,0.24,0.02,0.03,0.07,0.15,,
8/1/08,0.01,0.03,0.04,0.17,0.03,0.00,0.37,0.02,0.02,0.04,0.75,0.03,0.04,0.03,0.28,0.19,0.14,0.12,0.06,0.02,0.03,0.01,0.05,0.23,1.12,0.06,0.02,0.05,0.01,0.17,0.02,0.23,0.04,0.05,,
9/1/08,0.03,0.08,0.07,0.16,0.06,0.02,0.38,0.09,0.03,0.05,0.76,0.04,0.00,0.03,0.28,0.23,0.16,0.26,0.11,0.03,0.04,0.01,0.03,0.10,0.83,0.05,0.02,0.05,0.01,0.09,0.04,0.22,0.12,0.07,,
10/1/08,0.02,0.02,0.03,0.11,0.02,0.00,0.35,0.03,0.01,0.07,0.66,0.03,0.04,0.02,0.20,0.17,0.15,0.22,0.05,0.02,0.01,0.01,0.01,0.05,0.42,0.09,0.04,0.07,0.01,0.12,0.04,0.07,0.06,0.04,,
11/1/08,0.02,0.09,0.05,0.16,0.02,0.00,0.30,0.06,0.03,0.10,0.73,0.06,0.01,0.05,0.51,0.33,0.16,0.15,0.08,0.05,0.02,0.04,0.02,0.16,0.47,0.16,0.02,0.10,0.01,0.08,0.05,0.05,0.06,0.04,,
12/1/08,0.00,0.08,0.03,0.14,0.02,0.00,0.29,0.02,0.03,0.22,0.83,0.03,0.01,0.02,0.89,0.53,0.07,0.16,0.07,0.01,0.03,0.01,0.01,0.03,0.38,0.13,0.04,0.10,0.01,0.11,0.03,0.07,0.03,0.03,,
1/1/09,0.01,0.04,0.01,0.15,0.05,0.00,0.25,0.01,0.03,0.67,0.79,0.02,0.01,0.03,0.35,1.23,0.09,0.15,0.04,0.01,0.03,0.01,0.01,0.05,0.32,0.21,0.03,0.03,0.00,0.17,0.02,0.07,0.03,0.02,,
2/1/09,0.02,0.03,0.02,0.11,0.03,0.00,0.31,0.03,0.01,0.20,0.53,0.02,0.00,0.09,0.24,0.39,0.23,0.30,0.06,0.01,0.02,0.01,0.00,0.09,0.36,0.09,0.02,0.01,0.01,0.08,0.01,0.02,0.04,0.02,,
3/1/09,0.00,0.05,0.02,0.11,0.03,0.00,0.25,0.03,0.02,0.14,0.70,0.01,0.02,0.03,0.22,0.36,0.19,0.22,0.12,0.01,0.02,0.00,0.01,0.10,0.32,0.08,0.02,0.02,0.00,0.07,0.02,0.02,0.05,0.05,,
4/1/09,0.02,0.06,0.04,0.17,0.04,0.01,0.59,0.03,0.05,0.08,0.90,0.02,0.01,0.05,0.36,0.27,0.37,0.52,0.16,0.02,0.01,0.01,0.03,0.05,0.60,0.10,0.03,0.11,0.01,0.11,0.01,0.06,0.05,0.04,,
5/1/09,0.01,0.05,0.01,0.19,0.05,0.01,0.40,0.02,0.01,0.15,0.63,0.05,0.01,0.02,0.37,0.35,0.32,0.50,0.09,0.01,0.01,0.01,0.00,0.04,0.44,0.12,0.04,0.03,0.01,0.08,0.01,0.02,0.03,0.03,,
6/1/09,0.02,0.02,0.07,0.13,0.05,0.00,0.41,0.03,0.03,0.19,0.69,0.02,0.02,0.02,0.24,0.37,0.17,0.42,0.07,0.01,0.02,0.03,0.04,0.07,0.46,0.12,0.02,0.03,0.01,0.05,0.01,0.03,0.05,0.03,,
7/1/09,0.05,0.09,0.03,0.16,0.02,0.01,0.39,0.05,0.03,0.11,0.74,0.05,0.01,0.09,0.20,0.30,0.21,0.42,0.08,0.06,0.02,0.01,0.03,0.07,0.53,0.10,0.04,0.09,0.00,0.09,0.03,0.07,0.12,0.03,,
8/1/09,0.04,0.10,0.03,0.17,0.04,0.02,0.38,0.05,0.02,0.07,0.58,0.02,0.02,0.07,0.16,0.16,0.22,0.36,0.13,0.03,0.02,0.02,0.01,0.03,0.40,0.04,0.02,0.08,0.00,0.07,0.03,0.03,0.07,0.01,,
9/1/09,0.03,0.05,0.05,0.21,0.03,0.01,0.61,0.03,0.03,0.08,1.15,0.03,0.00,0.04,0.19,0.55,0.14,0.28,0.08,0.02,0.02,0.02,0.03,0.20,0.88,0.10,0.03,0.02,0.00,0.09,0.01,0.03,0.06,0.10,,
10/1/09,0.01,0.05,0.06,0.13,0.07,0.00,0.43,0.02,0.06,0.12,0.82,0.02,0.01,0.03,0.34,0.33,0.14,0.18,0.10,0.01,0.05,0.00,0.02,0.08,0.58,0.08,0.02,0.03,0.01,0.07,0.03,0.04,0.05,0.05,,
11/1/09,0.03,0.06,0.10,0.18,0.03,0.02,0.37,0.07,0.10,0.11,0.73,0.01,0.00,0.04,0.20,0.31,0.14,0.22,0.07,0.02,0.02,0.01,0.02,0.02,0.44,0.12,0.03,0.03,0.00,0.09,0.03,0.01,0.08,0.05,,
12/1/09,0.01,0.08,0.06,0.18,0.05,0.01,0.37,0.04,0.17,0.13,0.89,0.01,0.01,0.04,0.29,0.33,0.12,0.19,0.06,0.02,0.05,0.00,0.04,0.05,0.48,0.14,0.04,0.06,0.00,0.11,0.00,0.03,0.04,0.02,,
1/1/10,0.02,0.04,0.06,0.19,0.02,0.01,0.37,0.03,0.08,0.13,1.13,0.03,0.00,0.04,0.20,0.22,0.17,0.16,0.09,0.01,0.03,0.00,0.01,0.01,0.34,0.21,0.01,0.04,0.01,0.11,0.08,0.03,0.04,0.02,,
2/1/10,0.07,0.05,0.06,0.14,0.01,0.01,0.51,0.02,0.06,0.12,0.95,0.04,0.00,0.01,0.21,0.33,0.08,0.17,0.07,0.01,0.02,0.02,0.01,0.02,0.42,0.13,0.03,0.04,0.00,0.16,0.16,0.05,0.02,0.05,,
3/1/10,0.01,0.07,0.10,0.12,0.04,0.02,0.38,0.03,0.05,0.09,0.74,0.01,0.01,0.06,0.18,0.40,0.12,0.19,0.06,0.01,0.03,0.00,0.01,0.03,0.55,0.11,0.05,0.09,0.00,0.14,0.06,0.03,0.03,0.02,,
4/1/10,0.03,0.05,0.09,0.15,0.05,0.08,0.56,0.04,0.03,0.14,0.75,0.01,0.00,0.03,0.28,0.39,0.10,0.36,0.15,0.04,0.07,0.01,0.02,0.07,0.79,0.08,0.07,0.13,0.00,0.16,0.08,0.10,0.02,0.11,,
5/1/10,0.02,0.06,0.23,0.18,0.04,0.00,0.65,0.03,0.03,0.13,0.82,0.03,0.01,0.03,0.27,0.34,0.26,0.48,0.13,0.03,0.04,0.01,0.01,0.05,0.56,0.08,0.05,0.17,0.01,0.27,0.03,0.02,0.02,0.03,,
6/1/10,0.01,0.09,0.18,0.19,0.02,0.02,0.37,0.06,0.04,0.34,0.93,0.02,0.01,0.02,0.17,0.98,0.12,0.23,0.23,0.02,0.03,0.02,0.01,0.08,0.53,0.08,0.07,0.03,0.00,0.74,0.05,0.02,0.04,0.04,,
7/1/10,0.01,0.07,0.05,0.12,0.02,0.00,0.22,0.06,0.02,0.15,0.93,0.01,0.01,0.02,0.27,0.41,0.06,0.14,0.15,0.01,0.04,0.02,0.01,0.01,0.28,0.09,0.02,0.02,0.01,0.23,0.01,0.02,0.05,0.04,,
8/1/10,0.02,0.08,0.06,0.22,0.02,0.03,0.33,0.07,0.03,0.14,0.63,0.07,0.01,0.05,0.27,0.34,0.15,0.18,0.13,0.03,0.02,0.00,0.08,0.03,0.39,0.12,0.02,0.05,0.00,0.17,0.05,0.01,0.04,0.05,,
9/1/10,0.04,0.07,0.05,0.11,0.05,0.01,0.34,0.04,0.01,0.08,0.62,0.04,0.01,0.01,0.17,0.33,0.19,0.20,0.09,0.00,0.02,0.03,0.02,0.04,0.32,0.07,0.02,0.03,0.00,0.08,0.04,0.01,0.04,0.04,,
10/1/10,0.01,0.04,0.03,0.13,0.03,0.03,0.28,0.02,0.03,0.06,0.77,0.00,0.02,0.04,0.17,0.25,0.17,0.12,0.09,0.01,0.03,0.01,0.01,0.01,0.24,0.13,0.06,0.01,0.00,0.08,0.02,0.02,0.03,0.02,,
11/1/10,0.01,0.08,0.06,0.16,0.04,0.03,0.68,0.05,0.03,0.15,1.05,0.03,0.01,0.08,0.26,0.37,0.31,0.60,0.08,0.01,0.02,0.01,0.01,0.07,0.68,0.24,0.04,0.11,0.00,0.16,0.02,0.04,0.04,0.07,,
12/1/10,0.01,0.11,0.07,0.13,0.08,0.03,0.53,0.03,0.06,0.09,1.04,0.02,0.00,0.01,0.25,0.31,0.22,0.48,0.15,0.01,0.07,0.00,0.01,0.04,0.63,0.12,0.18,0.03,0.02,0.19,0.05,0.05,0.03,0.13,,
1/1/11,0.02,0.08,0.07,0.08,0.07,0.02,0.47,0.02,0.01,0.25,0.72,0.03,0.01,0.04,0.16,0.34,0.11,0.23,0.06,0.02,0.02,0.03,0.01,0.01,0.48,0.06,0.01,0.01,0.18,0.20,0.07,0.04,0.02,0.03,,
2/1/11,0.02,0.07,0.04,0.11,0.10,0.00,0.40,0.00,0.01,1.01,1.00,0.03,0.01,0.03,0.16,0.36,0.12,0.16,0.10,0.03,0.03,0.00,0.00,0.02,0.33,0.29,0.04,0.05,0.46,0.17,0.02,0.01,0.04,0.03,,
3/1/11,0.02,0.05,0.11,0.29,0.07,0.02,0.53,0.03,0.07,0.88,1.92,0.04,0.01,0.02,0.22,0.27,0.50,0.12,0.10,0.01,0.05,0.01,0.02,0.03,0.73,0.49,0.04,0.01,0.48,0.39,0.01,0.03,0.03,0.06,,
4/1/11,0.02,0.03,0.04,0.16,0.02,0.01,0.27,0.01,0.04,0.44,1.06,0.01,0.01,0.02,0.11,0.30,0.18,0.10,0.05,0.00,0.06,0.01,0.02,0.01,0.25,0.17,0.03,0.05,0.25,0.20,0.01,0.03,0.01,0.13,,
5/1/11,0.01,0.04,0.02,0.12,0.05,0.00,0.21,0.01,0.04,0.51,1.05,0.00,0.00,0.05,0.22,0.37,0.17,0.12,0.07,0.01,0.03,0.01,0.01,0.01,0.22,0.22,0.04,0.01,0.30,0.17,0.01,0.00,0.05,0.07,,
6/1/11,0.03,0.05,0.05,0.15,0.02,0.02,0.36,0.00,0.04,0.27,0.87,0.03,0.00,0.04,0.19,0.27,0.08,0.09,0.10,0.02,0.03,0.01,0.01,0.05,0.29,0.22,0.04,0.04,0.19,0.38,0.01,0.02,0.03,0.08,,
7/1/11,0.01,0.08,0.03,0.09,0.02,0.01,0.27,0.01,0.05,0.16,0.84,0.03,0.00,0.05,0.17,0.17,0.11,0.13,0.08,0.01,0.14,0.00,0.04,0.01,0.27,0.09,0.07,0.03,0.14,0.25,0.04,0.00,0.01,0.03,,
8/1/11,0.00,0.02,0.06,0.10,0.03,0.00,0.30,0.00,0.02,0.36,0.91,0.00,0.00,0.01,0.13,0.25,0.09,0.11,0.04,0.01,0.04,0.00,0.01,0.01,0.38,0.18,0.03,0.01,0.34,0.39,0.02,0.03,0.04,0.09,,
9/1/11,0.01,0.05,0.07,0.14,0.06,0.00,0.28,0.04,0.02,0.31,0.70,0.02,0.00,0.03,0.19,0.44,0.11,0.08,0.06,0.03,0.03,0.02,0.01,0.05,0.29,0.17,0.02,0.03,0.12,0.40,0.04,0.01,0.02,0.08,,
10/1/11,0.02,0.06,0.06,0.17,0.04,0.01,0.37,0.02,0.02,0.29,0.68,0.04,0.01,0.04,0.20,0.28,0.08,0.10,0.19,0.02,0.02,0.01,0.02,0.02,0.31,0.32,0.01,0.04,0.09,0.25,0.01,0.01,0.00,0.10,,
11/1/11,0.00,0.11,0.04,0.18,0.02,0.00,0.59,0.02,0.00,0.39,0.82,0.00,0.01,0.07,0.16,0.52,0.15,0.17,0.08,0.01,0.01,0.01,0.03,0.02,0.62,0.31,0.02,0.04,0.09,0.47,0.02,0.01,0.01,0.03,,
12/1/11,0.04,0.04,0.06,0.11,0.05,0.01,0.55,0.01,0.02,0.24,0.86,0.03,0.02,0.02,0.16,0.29,0.20,0.31,0.06,0.01,0.03,0.00,0.03,0.05,0.46,0.24,0.05,0.03,0.07,0.31,0.02,0.02,0.04,0.03,,
1/1/12,0.02,0.07,0.05,0.07,0.04,0.01,0.56,0.01,0.04,0.31,0.84,0.06,0.01,0.02,0.17,0.45,0.19,0.24,0.05,0.00,0.00,0.00,0.02,0.01,0.44,0.28,0.01,0.08,0.03,0.26,0.03,0.01,0.06,0.05,,
2/1/12,0.05,0.06,0.01,0.12,0.04,0.00,0.82,0.02,0.03,0.24,1.06,0.01,0.01,0.01,0.29,0.69,0.12,0.16,0.08,0.06,0.02,0.00,0.02,0.03,0.89,0.35,0.03,0.16,0.22,0.36,0.01,0.04,0.04,0.05,,
3/1/12,0.01,0.06,0.05,0.13,0.02,0.01,0.62,0.03,0.01,0.21,0.93,0.02,0.01,0.03,0.18,0.65,0.22,0.28,0.04,0.03,0.03,0.00,0.00,0.04,0.69,0.22,0.03,0.05,0.04,0.31,0.01,0.02,0.02,0.06,,
4/1/12,0.02,0.10,0.05,0.10,0.04,0.00,0.80,0.06,0.01,0.17,1.09,0.03,0.00,0.05,0.27,0.38,0.25,0.31,0.06,0.05,0.05,0.01,0.04,0.03,0.58,0.20,0.02,0.07,0.05,0.51,0.02,0.01,0.03,0.07,,
5/1/12,0.01,0.07,0.03,0.08,0.03,0.00,0.48,0.03,0.00,0.12,0.76,0.01,0.01,0.01,0.16,0.35,0.15,0.18,0.05,0.00,0.06,0.00,0.03,0.05,0.57,0.19,0.02,0.03,0.03,0.24,0.03,0.01,0.03,0.03,,
6/1/12,0.01,0.05,0.03,0.07,0.06,0.00,0.48,0.01,0.03,0.26,0.93,0.00,0.00,0.02,0.10,0.37,0.09,0.10,0.13,0.02,0.04,0.00,0.02,0.04,0.80,0.24,0.03,0.02,0.04,0.47,0.01,0.01,0.01,0.03,,
7/1/12,0.03,0.04,0.03,0.10,0.05,0.00,0.49,0.03,0.01,0.24,0.87,0.02,0.01,0.00,0.20,0.59,0.09,0.10,0.08,0.03,0.05,0.01,0.05,0.03,0.75,0.21,0.05,0.05,0.05,0.59,0.03,0.00,0.02,0.04,,
8/1/12,0.01,0.05,0.01,0.06,0.01,0.01,0.30,0.03,0.00,0.27,0.70,0.02,0.00,0.02,0.15,0.53,0.13,0.09,0.09,0.01,0.03,0.00,0.02,0.02,0.38,0.32,0.03,0.02,0.03,0.47,0.02,0.01,0.04,0.06,,
9/1/12,0.01,0.08,0.02,0.15,0.02,0.01,0.37,0.02,0.01,0.27,0.60,0.02,0.00,0.04,0.13,0.52,0.13,0.13,0.07,0.03,0.04,0.01,0.02,0.01,0.34,0.14,0.02,0.04,0.05,0.27,0.02,0.01,0.02,0.04,,
10/1/12,0.01,0.06,0.01,0.08,0.02,0.00,0.34,0.03,0.01,0.21,0.77,0.03,0.03,0.01,0.08,0.42,0.10,0.07,0.05,0.01,0.04,0.01,0.03,0.03,0.44,0.19,0.03,0.02,0.04,0.41,0.01,0.04,0.04,0.03,,
11/1/12,0.01,0.06,0.02,0.11,0.03,0.01,0.31,0.01,0.00,0.62,0.78,0.01,0.00,0.03,0.12,0.92,0.11,0.08,0.07,0.02,0.02,0.01,0.05,0.01,0.30,0.17,0.02,0.04,0.09,0.37,0.05,0.01,0.01,0.05,,
12/1/12,0.02,0.04,0.04,0.08,0.03,0.00,0.31,0.02,0.01,0.24,0.73,0.00,0.01,0.00,0.09,0.30,0.18,0.20,0.05,0.02,0.02,0.01,0.05,0.02,0.44,0.10,0.03,0.01,0.06,0.33,0.03,0.00,0.00,0.05,,
1/1/13,0.01,0.06,0.01,0.17,0.03,0.01,0.34,0.01,0.04,0.22,1.10,0.01,0.01,0.01,0.12,0.22,0.30,0.21,0.07,0.05,0.17,0.01,0.05,0.01,0.36,0.09,0.03,0.03,0.08,0.22,0.01,0.02,0.00,0.07,,
2/1/13,0.03,0.05,0.02,0.16,0.02,0.01,0.47,0.01,0.02,0.27,0.71,0.00,0.00,0.01,0.11,0.41,0.22,0.36,0.08,0.02,0.04,0.01,0.02,0.01,0.45,0.13,0.04,0.04,0.11,0.17,0.01,0.02,0.01,0.04,,
3/1/13,0.03,0.05,0.02,0.07,0.02,0.01,0.41,0.02,0.01,0.11,0.81,0.03,0.01,0.02,0.09,0.37,0.17,0.45,0.07,0.02,0.02,0.01,0.04,0.04,0.40,0.19,0.04,0.02,0.05,0.32,0.01,0.00,0.02,0.05,,
4/1/13,0.03,0.08,0.01,0.16,0.03,0.00,0.65,0.01,0.01,0.13,0.86,0.01,0.00,0.01,0.15,0.38,0.45,0.82,0.04,0.01,0.01,0.00,0.04,0.03,0.52,0.15,0.01,0.02,0.07,0.23,0.03,0.00,0.03,0.04,,
5/1/13,0.04,0.04,0.04,0.12,0.03,0.01,0.27,0.03,0.01,0.12,0.97,0.01,0.00,0.01,0.12,0.44,0.14,0.24,0.06,0.01,0.01,0.00,0.02,0.01,0.60,0.13,0.06,0.03,0.08,0.29,0.03,0.00,0.03,0.01,,
6/1/13,0.00,0.06,0.03,0.10,0.03,0.00,0.41,0.01,0.04,0.11,0.89,0.08,0.01,0.00,0.12,0.30,0.16,0.19,0.05,0.01,0.04,0.00,0.05,0.02,0.56,0.20,0.02,0.02,0.03,0.25,0.02,0.03,0.01,0.03,,
7/1/13,0.02,0.03,0.04,0.14,0.01,0.00,0.27,0.03,0.01,0.50,0.82,0.04,0.01,0.01,0.08,0.30,0.09,0.18,0.08,0.01,0.05,0.00,0.02,0.02,0.30,0.12,0.04,0.01,0.05,0.12,0.00,0.02,0.02,0.06,,
8/1/13,0.01,0.06,0.04,0.12,0.03,0.01,0.27,0.02,0.02,0.48,1.21,0.03,0.00,0.01,0.18,0.39,0.08,0.13,0.03,0.00,0.03,0.00,0.02,0.04,0.60,0.28,0.06,0.00,0.04,0.33,0.00,0.02,0.01,0.03,,
9/1/13,0.04,0.09,0.06,0.23,0.06,0.00,0.37,0.02,0.02,0.27,1.18,0.02,0.01,0.03,0.13,0.80,0.12,0.15,0.06,0.02,0.03,0.02,0.05,0.03,0.99,0.22,0.10,0.02,0.02,0.25,0.01,0.01,0.02,0.06,,
10/1/13,0.03,0.06,0.04,0.13,0.03,0.01,0.34,0.01,0.01,0.23,0.78,0.02,0.00,0.05,0.13,0.52,0.08,0.11,0.06,0.05,0.05,0.01,0.04,0.02,0.50,0.17,0.04,0.01,0.04,0.21,0.01,0.04,0.03,0.08,,
11/1/13,0.00,0.04,0.06,0.07,0.11,0.00,0.50,0.02,0.01,0.13,0.91,0.04,0.00,0.01,0.16,0.83,0.13,0.13,0.03,0.01,0.04,0.00,0.07,0.00,0.64,0.39,0.02,0.02,0.01,0.16,0.01,0.02,0.03,0.03,,
12/1/13,0.01,0.08,0.04,0.11,0.06,0.00,0.36,0.00,0.02,0.16,0.60,0.02,0.00,0.01,0.08,0.35,0.13,0.17,0.05,0.00,0.05,0.00,0.03,0.03,0.39,0.16,0.04,0.05,0.01,0.14,0.01,0.10,0.00,0.09,,
1/1/14,0.02,0.04,0.02,0.08,0.27,0.00,0.27,0.01,0.04,0.16,0.68,0.02,0.02,0.01,0.09,0.35,0.10,0.12,0.06,0.02,0.03,0.01,0.01,0.03,0.52,0.18,0.04,0.06,0.05,0.23,0.01,0.13,0.01,0.05,,
2/1/14,0.01,0.05,0.02,0.10,0.08,0.01,0.29,0.02,0.02,0.14,0.59,0.01,0.02,0.07,0.10,0.22,0.09,0.15,0.05,0.01,0.02,0.02,0.03,0.08,0.61,0.12,0.04,0.05,0.02,0.16,0.01,0.32,0.07,0.03,,
3/1/14,0.02,0.11,0.10,0.34,0.09,0.01,0.61,0.01,0.03,0.16,1.51,0.04,0.21,0.06,0.24,0.23,0.26,0.23,0.06,0.15,0.06,0.03,0.01,0.48,2.33,0.17,0.06,0.10,0.02,0.30,0.03,2.12,0.04,0.06,,
4/1/14,0.02,0.09,0.02,0.11,0.06,0.02,0.43,0.02,0.04,0.09,0.79,0.04,0.05,0.02,0.10,0.21,0.24,0.25,0.02,0.12,0.05,0.02,0.11,0.22,1.54,0.07,0.07,0.02,0.01,0.11,0.02,1.34,0.02,0.04,,
5/1/14,0.00,0.06,0.04,0.12,0.06,0.00,0.46,0.02,0.03,0.16,0.73,0.02,0.03,0.01,0.10,0.19,0.15,0.10,0.03,0.02,0.03,0.01,0.04,0.09,1.04,0.09,0.03,0.12,0.03,0.16,0.02,0.88,0.03,0.05,,
6/1/14,0.00,0.05,0.04,0.13,0.05,0.01,0.22,0.03,0.03,0.15,0.96,0.01,0.02,0.02,0.12,0.23,0.07,0.11,0.05,0.02,0.03,0.01,0.02,0.09,0.82,0.30,0.04,0.02,0.02,0.29,0.00,0.65,0.02,0.04,,
7/1/14,0.02,0.25,0.08,0.19,0.04,0.01,0.57,0.02,0.01,0.62,1.42,0.03,0.03,0.05,0.15,1.14,0.17,0.14,0.04,0.97,0.06,0.02,0.04,0.09,1.85,0.13,0.06,0.05,0.07,0.26,0.02,1.60,0.04,0.05,,
8/1/14,0.07,0.22,0.06,0.24,0.04,0.01,0.40,0.01,0.02,0.64,1.29,0.05,0.05,0.03,0.16,0.96,0.23,0.11,0.04,0.24,0.13,0.05,0.05,0.18,1.49,0.20,0.03,0.04,0.03,0.38,0.01,1.36,0.01,0.04,,
9/1/14,0.03,0.21,0.04,0.24,0.04,0.01,0.45,0.02,0.06,0.22,1.54,0.07,0.04,0.03,0.14,0.26,0.16,0.07,0.04,0.10,0.05,0.04,0.06,0.23,1.51,0.53,0.02,0.01,0.03,0.54,0.01,1.34,0.00,0.05,,
10/1/14,0.00,0.06,0.02,0.22,0.03,0.00,0.24,0.01,0.04,0.16,1.01,0.09,0.02,0.01,0.13,0.23,0.08,0.07,0.03,0.03,0.04,0.01,0.03,0.05,0.48,0.16,0.07,0.01,0.03,0.39,0.02,0.35,0.02,0.04,,
11/1/14,0.02,0.18,0.02,0.14,0.04,0.00,0.37,0.03,0.01,0.11,0.99,0.03,0.01,0.01,0.15,0.39,0.14,0.08,0.06,0.08,0.02,0.00,0.02,0.04,0.78,0.22,0.02,0.02,0.03,0.22,0.00,0.42,0.03,0.03,,
12/1/14,0.01,0.18,0.02,0.15,0.03,0.01,0.25,0.04,0.02,0.14,0.81,0.03,0.02,0.05,0.20,0.19,0.10,0.10,0.05,0.06,0.07,0.03,0.05,0.07,0.73,0.20,0.04,0.04,0.04,0.17,0.01,0.50,0.09,0.06,,
1/1/15,0.09,0.09,0.03,0.18,0.11,0.00,0.29,0.00,0.07,0.14,1.11,0.02,0.01,0.02,0.22,0.52,0.22,0.12,0.05,0.03,0.04,0.00,0.04,0.03,0.64,0.26,0.06,0.01,0.06,0.28,0.02,0.37,0.06,0.05,,
2/1/15,0.05,0.15,0.02,0.28,0.06,0.00,0.32,0.03,0.15,0.26,1.09,0.02,0.08,0.02,0.12,0.51,0.20,0.12,0.04,0.02,0.05,0.00,0.03,0.15,1.36,0.21,0.02,0.02,0.02,0.26,0.02,1.14,0.04,0.05,,
3/1/15,0.02,0.03,0.02,0.16,0.37,0.00,0.40,0.01,0.04,0.39,0.95,0.01,0.01,0.00,0.13,0.86,0.09,0.11,0.04,0.01,0.05,0.00,0.00,0.03,0.79,0.53,0.02,0.02,0.05,0.26,0.01,0.38,0.05,0.05,,
4/1/15,0.02,0.09,0.05,0.17,0.23,0.01,0.50,0.06,0.02,0.25,0.78,0.03,0.02,0.03,0.19,0.62,0.19,0.20,0.05,0.04,0.03,0.00,0.04,0.07,0.82,0.70,0.05,0.02,0.03,0.21,0.02,0.26,0.06,0.03,,
5/1/15,0.01,0.05,0.02,0.12,0.02,0.00,0.30,0.05,0.04,0.20,0.56,0.01,0.03,0.03,0.11,0.20,0.14,0.13,0.06,0.06,0.04,0.00,0.05,0.05,0.45,0.50,0.05,0.03,0.01,0.16,0.03,0.19,0.02,0.05,,
6/1/15,0.02,0.09,0.02,0.19,0.12,0.00,0.32,0.01,0.03,0.10,0.74,0.02,0.06,0.03,0.10,0.31,0.11,0.15,0.04,0.03,0.03,0.00,0.02,0.11,0.71,0.31,0.06,0.01,0.16,0.24,0.03,0.34,0.02,0.07,,
7/1/15,0.03,0.08,0.05,0.10,0.09,0.03,0.73,0.03,0.02,0.17,1.10,0.02,0.05,0.03,0.19,0.73,0.13,0.11,0.10,0.04,0.03,0.00,0.04,0.01,0.82,0.45,0.02,0.05,0.23,0.42,0.01,0.17,0.01,0.06,,
8/1/15,0.00,0.05,0.02,0.06,0.02,0.01,0.44,0.01,0.03,0.16,0.71,0.01,0.01,0.00,0.10,0.53,0.13,0.13,0.03,0.05,0.05,0.00,0.02,0.04,0.60,0.17,0.01,0.06,0.03,0.35,0.02,0.16,0.03,0.03,,
9/1/15,0.02,0.07,0.03,0.14,0.04,0.02,0.42,0.02,0.07,0.17,1.06,0.03,0.22,0.03,0.07,0.51,0.10,0.12,0.09,0.04,0.06,0.00,0.02,0.09,1.07,0.40,0.13,0.03,0.04,0.56,0.02,0.45,0.02,0.06,,
10/1/15,0.00,0.06,0.03,0.08,0.01,0.02,0.28,0.01,0.01,0.13,1.01,0.02,0.04,0.00,0.09,0.36,0.09,0.06,0.02,0.05,0.06,0.01,0.05,0.04,1.20,0.34,0.01,0.00,0.03,0.55,0.01,0.36,0.01,0.02,,
11/1/15,0.03,0.13,0.05,0.30,0.05,0.02,0.49,0.05,0.05,0.67,1.58,0.05,0.07,0.02,0.21,0.25,0.15,0.11,0.14,0.15,0.05,0.02,0.11,0.13,1.67,0.33,0.11,0.03,0.11,1.05,0.01,0.32,0.06,0.05,,
12/1/15,0.01,0.10,0.09,0.20,0.09,0.03,0.47,0.02,0.08,0.25,1.30,0.05,0.08,0.02,0.27,0.31,0.17,0.11,0.13,0.02,0.07,0.03,0.02,0.08,0.97,0.43,0.07,0.03,0.06,0.64,0.05,0.17,0.07,0.06,,
1/1/16,0.01,0.11,0.11,0.24,0.13,0.01,0.70,0.00,0.07,0.18,1.02,0.05,0.06,0.13,0.22,0.27,0.28,0.48,0.07,0.06,0.02,0.01,0.02,0.05,0.70,0.50,0.13,0.03,0.06,0.38,0.06,0.11,0.03,0.07,,
2/1/16,0.01,0.06,0.01,0.20,0.07,0.01,0.50,0.01,0.04,0.10,0.95,0.04,0.04,0.01,0.08,0.17,0.21,0.36,0.11,0.03,0.04,0.01,0.02,0.07,1.19,0.42,0.08,0.02,0.07,0.71,0.02,0.22,0.02,0.04,,
3/1/16,0.03,0.05,0.09,0.21,0.08,0.00,0.51,0.03,0.03,0.17,0.97,0.02,0.05,0.02,0.15,0.21,0.24,0.43,0.18,0.02,0.04,0.02,0.05,0.05,0.78,0.24,0.06,0.00,0.06,0.57,0.03,0.18,0.02,0.05,,
4/1/16,0.04,0.06,0.04,0.14,0.04,0.00,0.36,0.02,0.03,0.13,0.90,0.04,0.01,0.02,0.13,0.18,0.25,0.26,0.08,0.04,0.04,0.00,0.06,0.07,0.78,0.28,0.04,0.00,0.03,0.32,0.01,0.20,0.02,0.01,,
5/1/16,0.03,0.05,0.05,0.18,0.03,0.01,0.45,0.01,0.01,0.31,1.01,0.02,0.02,0.03,0.08,0.14,0.24,0.25,0.10,0.03,0.03,0.00,0.10,0.09,0.66,0.25,0.02,0.03,0.08,0.31,0.02,0.14,0.03,0.02,,
6/1/16,0.01,0.08,0.01,0.17,0.03,0.02,0.30,0.01,0.05,0.13,1.04,0.01,0.03,0.03,0.11,0.20,0.15,0.17,0.07,0.03,0.11,0.00,0.05,0.09,0.54,0.17,0.05,0.02,0.06,0.47,0.01,0.11,0.05,0.03,,
7/1/16,0.03,0.10,0.04,0.25,0.04,0.00,0.38,0.02,0.03,0.18,1.09,0.04,0.05,0.03,0.28,0.28,0.27,0.27,0.08,0.05,0.05,0.00,0.08,0.28,0.76,0.19,0.04,0.03,0.17,0.82,0.03,0.18,0.02,0.03,,
8/1/16,0.03,0.06,0.02,0.21,0.08,0.01,0.29,0.04,0.02,0.11,0.75,0.02,0.02,0.03,0.13,0.10,0.14,0.15,0.05,0.03,0.03,0.01,0.05,0.06,0.94,0.20,0.05,0.04,0.02,0.60,0.01,0.25,0.02,0.04,,
9/1/16,0.01,0.14,0.02,0.15,0.03,0.01,0.58,0.04,0.02,0.11,0.85,0.04,0.04,0.04,0.18,0.16,0.31,0.44,0.15,0.06,0.05,0.02,0.11,0.04,1.05,0.32,0.03,0.05,0.03,0.47,0.02,0.15,0.01,0.03,,
10/1/16,0.02,0.04,0.03,0.15,0.12,0.01,0.27,0.15,0.03,0.13,0.78,0.02,0.05,0.00,0.17,0.10,0.09,0.11,0.11,0.01,0.06,0.01,0.05,0.08,1.00,0.29,0.03,0.02,0.02,0.41,0.01,0.25,0.04,0.03,,
11/1/16,0.02,0.07,0.03,0.14,0.03,0.01,0.48,0.05,0.03,0.05,0.72,0.05,0.07,0.06,0.12,0.10,0.26,0.24,0.18,0.04,0.02,0.07,0.08,0.13,0.98,0.15,0.02,0.02,0.01,0.31,0.02,0.26,0.03,0.03,,
12/1/16,0.02,0.06,0.05,0.16,0.04,0.01,0.59,0.03,0.02,0.19,0.72,0.01,0.04,0.05,0.16,0.25,0.17,0.31,0.11,0.04,0.05,0.01,0.07,0.13,1.26,0.23,0.05,0.00,0.12,0.59,0.16,0.26,0.05,0.03,,
1/1/17,0.01,0.13,0.07,0.23,0.08,0.02,0.64,0.03,0.01,0.20,0.82,0.04,0.04,0.04,0.18,0.33,0.19,0.34,0.21,0.05,0.03,0.03,0.09,0.05,1.24,0.28,0.05,0.01,0.10,0.55,0.10,0.33,0.02,0.05,,
2/1/17,0.01,0.18,0.02,0.24,0.05,0.01,0.72,0.01,0.02,0.13,0.90,0.05,0.06,0.04,0.17,0.41,0.56,0.62,0.29,0.13,0.02,0.01,0.06,0.12,1.08,0.28,0.10,0.01,0.02,0.32,0.11,0.41,0.04,0.04,,
3/1/17,0.00,0.04,0.01,0.16,0.03,0.00,0.63,0.01,0.03,0.15,0.93,0.06,0.01,0.03,0.14,0.14,0.39,0.57,0.12,0.16,0.02,0.00,0.04,0.06,0.79,0.20,0.08,0.02,0.05,0.32,0.10,0.22,0.01,0.05,,
4/1/17,0.02,0.15,0.05,0.21,0.04,0.00,1.08,0.01,0.02,0.23,0.84,0.05,0.02,0.05,0.15,0.21,0.45,0.99,0.08,0.05,0.02,0.01,0.04,0.03,1.44,0.18,0.07,0.02,0.02,0.49,0.07,0.21,0.06,0.04,,
5/1/17,0.02,0.13,0.03,0.16,0.06,0.00,0.69,0.04,0.03,0.20,1.00,0.02,0.02,0.05,0.09,0.33,0.32,0.75,0.09,0.08,0.04,0.01,0.20,0.05,0.87,0.45,0.06,0.08,0.05,0.29,0.06,0.16,0.07,0.01,,
6/1/17,0.00,0.19,0.03,0.27,0.02,0.02,0.54,0.01,0.03,0.43,1.57,0.04,0.03,0.06,0.23,0.18,0.19,0.42,0.11,0.06,0.06,0.01,0.14,0.09,0.83,0.74,0.07,0.03,0.04,0.42,0.03,0.17,0.04,0.04,,
7/1/17,0.01,0.05,0.02,0.12,0.03,0.01,0.91,0.04,0.01,0.26,0.69,0.03,0.04,0.03,0.14,0.28,0.43,1.06,0.13,0.03,0.02,0.01,0.06,0.28,1.37,0.35,0.05,0.02,0.02,0.35,0.14,0.39,0.12,0.04,,
8/1/17,0.04,0.24,0.06,0.21,0.06,0.05,1.26,0.12,0.04,0.12,0.97,0.06,0.03,0.02,0.18,0.14,0.85,1.82,0.14,0.03,0.05,0.03,0.21,0.06,1.08,0.21,0.10,0.03,0.04,0.28,0.04,0.19,0.30,0.04,,
9/1/17,0.01,0.08,0.08,0.22,0.08,0.01,1.22,0.01,0.02,0.11,1.15,0.10,0.02,0.06,0.28,0.27,0.75,1.61,0.16,0.07,0.03,0.03,0.04,0.05,1.18,0.13,0.07,0.02,0.01,0.23,0.03,0.19,0.16,0.09,,
10/1/17,0.00,0.08,0.03,0.23,0.04,0.02,0.60,0.01,0.03,0.11,0.98,0.05,0.01,0.01,0.12,0.16,0.26,0.67,0.13,0.03,0.08,0.02,0.11,0.02,0.74,0.23,0.03,0.02,0.02,0.32,0.01,0.11,0.01,0.04,,
11/1/17,0.06,0.03,0.03,0.13,0.01,0.00,0.75,0.01,0.03,0.23,0.50,0.03,0.03,0.00,0.16,0.24,0.42,0.77,0.05,0.05,0.05,0.00,0.17,0.05,0.63,0.61,0.04,0.03,0.05,0.19,0.07,0.10,0.07,0.07,,
12/1/17,0.02,0.11,0.04,0.16,0.04,0.00,0.73,0.03,0.00,0.15,0.63,0.10,0.03,0.03,0.06,0.39,0.33,0.90,0.09,0.08,0.08,0.01,0.02,0.05,0.79,0.25,0.05,0.01,0.03,0.15,0.04,0.15,0.05,0.02,,
1/1/18,0.00,0.09,0.05,0.16,0.07,0.02,0.69,0.03,0.03,0.11,0.72,0.05,0.04,0.04,0.18,0.28,0.25,0.72,0.09,0.04,0.05,0.02,0.05,0.10,1.03,0.31,0.09,0.04,0.02,0.43,0.04,0.10,0.10,0.04,,
2/1/18,0.02,0.03,0.04,0.07,0.02,0.01,0.29,0.02,0.02,0.08,0.67,0.01,0.01,0.00,0.08,0.25,0.13,0.38,0.05,0.01,0.02,0.01,0.01,0.06,0.74,0.14,0.06,0.05,0.02,0.41,0.02,0.11,0.03,0.00,,
3/1/18,0.03,0.15,0.11,0.34,0.16,0.03,0.95,0.03,0.03,0.15,1.55,0.07,0.04,0.04,0.13,0.23,0.48,0.98,0.17,0.10,0.07,0.03,0.06,0.18,1.42,0.25,0.09,0.03,0.03,0.23,0.06,0.30,0.06,0.04,,
4/1/18,0.01,0.05,0.04,0.16,0.14,0.00,1.11,0.01,0.01,0.11,1.66,0.17,0.00,0.01,0.15,0.64,0.33,0.92,0.12,0.03,0.00,0.02,0.02,0.03,1.77,0.44,0.05,0.02,0.01,0.39,0.05,0.21,0.11,0.02,,
5/1/18,0.10,0.15,0.05,0.26,0.11,0.02,1.52,0.03,0.06,0.13,1.37,0.08,0.02,0.05,0.29,0.97,0.57,1.32,0.11,0.07,0.01,0.02,0.07,0.05,1.26,0.51,0.03,0.01,0.00,0.21,0.05,0.13,0.17,0.07,,
6/1/18,0.05,0.09,0.11,0.57,0.09,0.00,1.17,0.03,0.03,0.07,1.06,0.07,0.04,0.08,0.16,0.23,0.55,0.95,0.29,0.07,0.05,0.02,0.07,0.03,0.89,0.27,0.05,0.03,0.00,0.19,0.07,0.14,0.10,0.09,,
7/1/18,0.07,0.11,0.06,0.39,0.09,0.01,1.02,0.03,0.07,0.07,1.11,0.03,0.06,0.03,0.18,0.34,0.38,0.67,0.11,0.02,0.04,0.01,0.00,0.10,1.14,0.20,0.08,0.04,0.01,0.24,0.00,0.27,0.06,0.04,,
8/1/18,0.14,0.10,0.08,0.28,0.06,0.04,0.96,0.05,0.03,0.12,1.17,0.09,0.00,0.04,0.15,0.30,0.28,0.69,0.15,0.04,0.01,0.01,0.04,0.02,1.16,0.37,0.02,0.04,0.00,0.63,0.02,0.13,0.07,0.24,,
9/1/18,0.05,0.04,0.04,0.26,0.02,0.04,0.77,0.08,0.04,0.06,0.68,0.06,0.04,0.01,0.16,0.16,0.16,0.39,0.08,0.02,0.03,0.05,0.02,0.03,0.82,0.12,0.01,0.03,0.00,0.29,0.05,0.13,0.13,0.02,,
10/1/18,0.07,0.07,0.06,0.24,0.04,0.02,1.04,0.01,0.05,0.13,0.85,0.09,0.02,0.05,0.21,0.30,0.32,0.42,0.19,0.03,0.07,0.00,0.06,0.07,1.01,0.66,0.11,0.06,0.02,0.54,0.12,0.12,0.07,0.03,,
11/1/18,0.26,0.08,0.04,0.17,0.06,0.03,0.67,0.01,0.04,0.17,0.93,0.07,0.06,0.01,0.18,0.24,0.21,0.35,0.14,0.01,0.04,0.01,0.03,0.13,0.83,0.65,0.09,0.00,0.03,0.50,0.05,0.31,0.06,0.02,,
12/1/18,0.14,0.17,0.01,0.45,0.07,0.01,0.82,0.01,0.08,0.06,1.06,0.17,0.02,0.00,0.08,0.28,0.23,0.37,0.16,0.00,0.05,0.01,0.01,0.08,0.93,0.37,0.14,0.01,0.01,0.50,0.05,0.29,0.03,0.02,,
1/1/19,0.06,0.15,0.18,0.41,0.06,0.04,0.93,0.17,0.10,0.17,0.78,0.07,0.04,0.04,0.09,0.24,0.16,0.46,0.18,0.02,0.06,0.08,0.03,0.14,1.00,0.31,0.03,0.04,0.00,0.41,0.03,0.12,0.33,0.04,,
2/1/19,0.04,0.07,0.21,0.29,0.02,0.05,1.07,0.34,0.07,0.03,1.02,0.04,0.06,0.02,0.36,0.24,0.14,0.51,0.24,0.00,0.04,0.13,0.02,0.23,1.06,0.27,0.04,0.03,0.00,0.30,0.01,0.09,0.52,0.01,,
3/1/19,0.04,0.19,0.11,0.13,0.03,0.03,0.77,0.12,0.03,0.05,0.71,0.04,0.03,0.03,0.31,0.15,0.10,0.55,0.08,0.03,0.05,0.02,0.06,0.05,0.56,0.24,0.04,0.01,0.01,0.26,0.05,0.05,0.19,0.02,,
4/1/19,0.03,0.12,0.03,0.17,0.02,0.01,0.56,0.04,0.03,0.29,0.81,0.04,0.01,0.04,0.35,0.24,0.28,0.41,0.13,0.01,0.03,0.02,0.04,0.02,0.81,0.33,0.07,0.01,0.05,0.26,0.04,0.15,0.19,0.03,,
5/1/19,0.08,0.16,0.11,0.28,0.06,0.03,1.17,0.09,0.01,0.14,1.31,0.15,0.04,0.16,0.26,0.30,0.45,0.55,0.10,0.06,0.12,0.05,0.07,0.03,0.97,0.58,0.04,0.06,0.01,0.32,0.06,0.09,0.41,0.02,,
6/1/19,0.01,0.11,0.03,0.28,0.06,0.03,1.29,0.01,0.03,0.09,0.99,0.16,0.04,0.04,0.21,0.38,0.79,0.42,0.35,0.08,0.25,0.02,0.07,0.04,0.90,0.71,0.08,0.06,0.00,0.28,0.09,0.11,0.15,0.05,,
7/1/19,0.00,0.15,0.03,0.20,0.04,0.00,0.76,0.06,0.01,0.16,1.23,0.11,0.01,0.03,0.17,0.18,0.33,0.36,0.10,0.02,0.08,0.00,0.04,0.02,0.80,0.33,0.06,0.04,0.00,0.34,0.06,0.09,0.11,0.03,,
8/1/19,0.07,0.19,0.13,0.23,0.03,0.01,1.22,0.01,0.03,0.06,1.15,0.41,0.02,0.01,0.35,0.28,0.43,0.48,0.13,0.00,0.14,0.02,0.05,0.07,0.84,0.25,0.05,0.11,0.00,0.15,0.08,0.15,0.14,0.04,,
9/1/19,0.03,0.11,0.04,0.16,0.06,0.03,0.73,0.06,0.04,0.11,0.96,0.13,0.02,0.01,0.16,0.33,0.24,0.33,0.07,0.02,0.08,0.01,0.01,0.11,0.58,0.90,0.08,0.00,0.00,0.22,0.04,0.19,0.14,0.03,,
10/1/19,0.05,0.09,0.13,0.09,0.08,0.05,0.67,0.00,0.01,0.07,1.10,0.13,0.02,0.04,0.17,0.17,0.27,0.24,0.09,0.00,0.08,0.03,0.04,0.03,1.07,0.42,0.07,0.00,0.00,1.18,0.04,0.22,0.10,0.03,,
11/1/19,0.02,0.11,0.09,0.18,0.07,0.04,0.60,0.01,0.07,0.10,0.81,0.30,0.06,0.00,0.08,0.18,0.18,0.17,0.18,0.00,0.05,0.02,0.02,0.06,0.47,0.11,0.07,0.02,0.01,0.27,0.05,0.15,0.08,0.03,,
12/1/19,0.02,0.11,0.10,0.16,0.04,0.02,0.60,0.02,0.01,0.18,0.81,0.10,0.02,0.01,0.09,0.18,0.16,0.27,0.08,0.03,0.03,0.02,0.01,0.05,0.58,0.30,0.07,0.04,0.02,0.30,0.02,0.18,0.04,0.01,,
1/1/20,0.02,0.19,0.05,0.38,0.12,0.02,1.26,0.04,0.00,0.28,1.69,0.17,0.02,0.04,0.18,0.43,0.30,0.39,0.06,0.04,0.04,0.03,0.04,0.08,1.18,0.80,0.10,0.03,0.00,0.53,0.08,0.48,0.14,0.01,,
2/1/20,0.02,0.08,0.03,0.20,0.10,0.00,0.87,0.06,0.04,0.15,0.82,0.13,0.02,0.03,0.21,0.11,0.26,0.20,0.04,0.04,0.10,0.01,0.06,0.03,0.66,0.18,0.06,0.04,0.00,0.46,0.06,0.14,0.11,0.05,,
3/1/20,0.03,0.12,0.07,0.21,0.03,0.03,0.67,0.06,0.02,0.10,0.84,0.06,0.02,0.03,0.12,0.11,0.18,0.27,0.14,0.02,0.06,0.04,0.04,0.02,0.43,0.08,0.02,0.03,0.00,0.33,0.03,0.04,0.11,0.03,,
4/1/20,0.02,0.07,0.09,0.11,0.07,0.00,0.60,0.05,0.04,0.06,0.61,0.06,0.02,0.05,0.12,0.06,0.11,0.12,0.13,0.01,0.04,0.02,0.06,0.06,0.35,0.13,0.02,0.02,0.00,0.06,0.06,0.08,0.05,0.04,,
5/1/20,0.01,0.14,0.04,0.14,0.03,0.00,0.76,0.10,0.00,0.09,0.60,0.40,0.02,0.03,0.15,0.05,0.14,0.19,0.06,0.02,0.00,0.01,0.01,0.05,0.29,0.08,0.02,0.04,0.00,0.11,0.11,0.05,0.16,0.01,,
6/1/20,0.01,0.11,0.08,0.14,0.03,0.00,0.77,0.00,0.01,0.12,0.66,0.28,0.03,0.02,0.32,0.16,0.15,0.27,0.09,0.04,0.06,0.01,0.05,0.03,0.49,0.06,0.03,0.03,0.01,0.12,0.12,0.08,0.07,0.08,,
7/1/20,0.01,0.27,0.02,0.25,0.06,0.01,0.93,0.01,0.04,0.11,0.66,0.48,0.03,0.03,0.23,0.09,0.29,0.27,0.06,0.03,0.05,0.02,0.06,0.03,0.40,0.09,0.06,0.01,0.00,0.16,0.18,0.09,0.03,0.02,,
8/1/20,0.00,0.08,0.05,0.10,0.03,0.00,0.66,0.01,0.00,0.09,0.58,0.27,0.04,0.03,0.10,0.17,0.21,0.17,0.09,0.02,0.01,0.01,0.02,0.16,0.51,0.13,0.02,0.07,0.01,0.16,0.08,0.14,0.06,0.03,,
9/1/20,0.01,0.14,0.01,0.17,0.05,0.00,0.86,0.00,0.02,0.13,0.73,0.21,0.02,0.01,0.22,0.24,0.18,0.20,0.07,0.03,0.01,0.01,0.04,0.08,0.93,0.10,0.08,0.02,0.01,0.40,0.17,0.27,0.08,0.03,,
10/1/20,0.04,0.07,0.03,0.18,0.00,0.02,0.65,0.02,0.03,0.09,0.66,0.16,0.03,0.00,0.12,0.20,0.11,0.13,0.09,0.01,0.03,0.00,0.01,0.09,0.85,0.11,0.12,0.01,0.01,0.53,0.11,0.08,0.03,0.00,,
11/1/20,0.01,0.09,0.04,0.12,0.05,0.00,0.42,0.02,0.04,0.09,0.64,0.10,0.05,0.00,0.18,0.28,0.11,0.14,0.09,0.01,0.04,0.01,0.03,0.06,0.45,0.14,0.03,0.01,0.06,0.19,0.07,0.12,0.06,0.08,,
12/1/20,0.01,0.10,0.03,0.13,0.00,0.00,0.59,0.03,0.03,0.11,0.44,0.18,0.01,0.02,0.12,0.32,0.09,0.19,0.02,0.01,0.04,0.01,0.03,0.03,0.58,0.22,0.06,0.00,0.02,0.22,0.06,0.04,0.09,0.04,,
1/1/21,0.00,0.11,0.11,0.13,0.03,0.02,0.80,0.04,0.04,0.13,0.58,0.33,0.02,0.01,0.14,0.17,0.13,0.29,0.07,0.00,0.01,0.03,0.02,0.10,0.60,0.21,0.01,0.00,0.03,0.16,0.26,0.15,0.10,0.05,,
2/1/21,0.00,0.13,0.03,0.16,0.01,0.00,0.74,0.00,0.04,0.06,0.72,0.15,0.02,0.06,0.14,0.14,0.22,0.19,0.08,0.05,0.10,0.00,0.03,0.06,0.53,0.20,0.06,0.15,0.00,0.14,0.07,0.06,0.03,0.03,,
3/1/21,0.03,0.20,0.05,0.19,0.05,0.00,0.86,0.02,0.02,0.08,0.76,0.24,0.03,0.05,0.33,0.14,0.38,0.33,0.06,0.03,0.04,0.00,0.03,0.04,0.66,0.23,0.05,0.11,0.01,0.21,0.14,0.10,0.05,0.10,,
4/1/21,0.02,0.14,0.06,0.18,0.02,0.01,0.76,0.01,0.05,0.05,0.83,0.13,0.03,0.04,0.18,0.24,0.28,0.20,0.04,0.07,0.04,0.00,0.05,0.09,1.24,0.09,0.07,0.04,0.01,0.20,0.20,0.74,0.03,0.08,,
5/1/21,0.01,0.17,0.04,0.24,0.10,0.03,0.65,0.01,0.05,0.35,0.92,0.08,0.07,0.03,0.32,0.87,0.21,0.27,0.05,0.08,0.16,0.00,0.02,0.23,0.85,0.09,0.12,0.07,0.01,0.15,0.12,0.33,0.02,0.04,,
6/1/21,0.00,0.18,0.04,0.18,0.10,0.00,0.76,0.01,0.02,0.13,0.77,0.14,0.02,0.01,0.19,0.20,0.17,0.21,0.03,0.01,0.03,0.02,0.01,0.13,0.85,0.11,0.02,0.04,0.01,0.19,0.15,0.29,0.02,0.05,,
7/1/21,0.02,0.07,0.01,0.14,0.05,0.00,0.54,0.02,0.03,0.06,0.56,0.10,0.02,0.00,0.19,0.18,0.14,0.19,0.06,0.01,0.04,0.01,0.04,0.06,0.52,0.07,0.01,0.01,0.03,0.16,0.12,0.15,0.05,0.04,,
8/1/21,0.03,0.07,0.02,0.18,0.05,0.00,0.61,0.03,0.07,0.12,0.98,0.07,0.07,0.03,0.15,0.28,0.15,0.20,0.06,0.00,0.07,0.04,0.01,0.13,0.71,0.07,0.09,0.00,0.02,0.26,0.12,0.13,0.07,0.03,,
9/1/21,0.00,0.45,0.10,0.22,0.01,0.01,0.86,0.02,0.03,0.07,1.06,0.15,0.07,0.02,0.44,0.14,0.40,0.28,0.09,0.02,0.06,0.00,0.02,0.08,0.62,0.10,0.03,0.03,0.01,0.13,0.20,0.07,0.04,0.02,,
10/1/21,0.02,0.23,0.01,0.16,0.09,0.00,0.79,0.02,0.03,0.12,0.72,0.09,0.04,0.01,0.26,0.17,0.21,0.21,0.06,0.01,0.09,0.01,0.04,0.13,0.57,0.10,0.05,0.01,0.00,0.26,0.32,0.11,0.03,0.04,,
11/1/21,0.02,0.27,0.00,0.18,0.05,0.01,0.81,0.01,0.02,0.08,1.03,0.16,0.05,0.00,0.16,0.24,0.16,0.18,0.07,0.02,0.06,0.02,0.02,0.59,1.24,0.13,0.03,0.03,0.00,0.37,0.24,0.59,0.05,0.09,,
12/1/21,0.01,0.13,0.02,0.21,0.02,0.00,0.88,0.02,0.05,0.05,1.21,0.18,0.06,0.02,0.15,0.27,0.24,0.17,0.06,0.03,0.12,0.01,0.03,0.26,1.80,0.15,0.15,0.08,0.01,0.17,0.34,1.57,0.06,0.06,,
1/1/22,0.01,0.21,0.12,0.32,0.11,0.07,0.82,0.02,0.10,0.06,1.74,0.15,0.10,0.01,0.22,0.13,0.25,0.34,0.07,0.01,0.16,0.05,0.04,0.63,2.83,0.22,0.11,0.02,0.00,0.20,0.22,2.64,0.09,0.06,,
2/1/22,0.04,0.37,0.20,0.77,0.10,0.04,1.53,0.01,0.15,0.09,2.97,0.20,0.37,0.06,0.17,0.17,0.62,0.32,0.04,0.05,0.24,0.01,0.03,1.22,5.47,0.18,0.24,0.03,0.01,0.32,0.26,5.07,0.04,0.06,,
3/1/22,0.13,0.53,0.13,0.91,0.22,0.03,2.57,0.02,0.13,0.25,4.03,0.36,0.59,0.10,0.48,0.62,0.71,0.74,0.10,0.06,0.49,0.04,0.06,2.12,8.97,0.47,0.28,0.05,0.02,0.90,0.38,8.87,0.24,0.10,,
4/1/22,0.06,0.34,0.10,0.42,0.08,0.04,1.15,0.03,0.08,0.12,2.47,0.12,0.30,0.05,0.44,0.32,0.28,0.31,0.15,0.02,0.14,0.05,0.01,1.13,4.90,0.13,0.27,0.02,0.02,0.45,0.13,4.98,0.05,0.08,,
5/1/22,0.01,0.28,0.05,0.29,0.18,0.01,1.05,0.02,0.13,0.15,1.71,0.14,0.36,0.09,0.37,0.21,0.51,0.45,0.11,0.02,0.08,0.01,0.04,0.62,3.25,0.05,0.55,0.03,0.03,0.41,0.35,3.25,0.06,0.05,,
6/1/22,0.04,0.15,0.09,0.41,0.08,0.02,0.89,0.02,0.07,0.18,1.66,0.12,0.13,0.07,0.40,0.23,0.37,0.32,0.07,0.04,0.09,0.07,0.04,0.54,3.10,0.19,0.42,0.04,0.02,0.58,0.17,3.13,0.07,0.07,,
7/1/22,0.07,0.19,0.10,0.37,0.04,0.02,0.84,0.01,0.07,0.19,1.14,0.05,0.10,0.10,0.28,0.34,0.18,0.21,0.05,0.02,0.10,0.13,0.01,0.29,2.73,0.42,0.15,0.04,0.02,0.64,0.19,2.72,0.04,0.05,,
8/1/22,0.04,0.25,0.06,0.31,0.06,0.01,1.29,0.03,0.08,0.25,1.16,0.32,0.09,0.07,0.25,0.28,0.52,0.32,0.08,0.07,0.09,0.04,0.07,0.22,2.44,0.13,0.12,0.03,0.01,0.33,0.77,2.30,0.04,0.06,,
9/1/22,0.02,0.19,0.05,0.27,0.07,0.04,1.18,0.05,0.17,0.07,1.40,0.14,0.17,0.03,0.52,0.17,0.30,0.45,0.07,0.04,0.24,0.04,0.04,0.44,3.07,0.12,0.28,0.02,0.00,0.48,0.32,2.97,0.05,0.04,,
10/1/22,0.01,0.11,0.06,0.28,0.06,0.02,1.10,0.05,0.06,0.05,1.21,0.10,0.10,0.05,0.30,0.29,0.37,0.41,0.09,0.01,0.13,0.04,0.01,0.33,3.31,0.37,0.18,0.02,0.01,0.36,0.30,3.21,0.13,0.05,,